title,time_since,subreddit,num_comments
Meeting his new sister for the first time (i.imgur.com),4 hours ago,r/Eyebleach,172
üî•Potter waspüî• (i.redd.it),4 hours ago,r/NatureIsFuckingLit,440
Finally became the proud owner of this beautiful little guy yesterday. Always wanted my own pet and I finally did it. One of the happiest days of my life so far. (i.redd.it),4 hours ago,r/pics,1693
The S9 Keeps the 3.5mm Headphone Jack! (theverge.com),4 hours ago,r/gadgets,3113
They did it again... (i.redd.it),5 hours ago,r/funny,850
Gonna jump on top the cashier's table (i.imgur.com),3 hours ago,r/Whatcouldgowrong,203
When a family argument gets out of hand (i.redd.it),5 hours ago,r/funny,815
Russian athlete filmed in 'I don‚Äôt do doping' shirt fails Olympic drug test (theguardian.com),6 hours ago,r/news,2378
A Guy Who Knows a Creepshow When He Sees One. (i.imgur.com),5 hours ago,r/PoliticalHumor,1128
I put a bubble level on my basic drill so I know when I‚Äôm 90 degrees perpendicular to ground when drilling vertically. (i.redd.it),2 hours ago,r/lifehacks,216
"Vaccinations Drop in Europe, and the Result Was Over 21,000 Cases of Measles (gizmodo.com)",6 hours ago,r/worldnews,1371
Nash Appreciation Upvote Party. Thank you BDR. (i.redd.it),7 hours ago,r/rangers,133
!Heads Up!: Congress it trying to pass Bill H.R.1856 on Tuesday that removes protections of site owners for what their users post (self.technology),7 hours ago,r/technology,1680
"TIL Coyotes use their howls and yipping to create a kind of census of coyote populations. If their howls are not answered by other packs, it triggers an autogenic response that produces large litters. (news.nationalgeographic.com)",6 hours ago,r/todayilearned,395
"""Why did you trick me, human?"" (i.imgur.com)",6 hours ago,r/gifs,717
Haha sigh (i.imgur.com),5 hours ago,r/FunnyandSad,126
"TIL 13-year-old called out the Eastern State Penitentiary for having the wrong radio on display in a recreation of Al Capone‚Äôs cell. The radio wasn‚Äôt available until 1942 and Capone was imprisoned from 1929-1930, resulting in the museum replacing it and giving the teen the inaccurate radio. (cbsnews.com)",7 hours ago,r/todayilearned,481
A gorilla's gentle reminder that he could easily kill you (v.redd.it),4 hours ago,r/funny,353
I guess he didn't see that air drop of death comingEPIC COMMENT (gfycat.com),6 hours ago,r/FortNiteBR,182
Cute Kitty with a Squirrel's Tail (i.imgur.com),7 hours ago,r/aww,328
YIKES (i.redd.it),5 hours ago,r/oldpeoplefacebook,241
MRW I have a good story to tell but the conversation shifts making my story now off topic (i.imgur.com),7 hours ago,r/reactiongifs,196
She is absolutely lethal on the field. (gfycat.com),3 hours ago,r/UNBGBBIIVCHIDCTIICBG,114
Re latab le (i.redd.it),4 hours ago,r/funny,93
cat fake sleeping to eat chicken (gfycat.com),4 hours ago,r/aww,120
"Amazing Soccer Pitch in Lofoten Islands, Norway (i.imgur.com)",8 hours ago,r/sports,693
You want sum? (i.imgur.com),4 hours ago,r/AnimalsBeingJerks,90
Ancient Necropolis in Egypt discovered (news.sky.com),4 hours ago,r/history,278
Youtuber gets interrupted by his daughter while explaining the inner workings of an industrial trochoidal oil-pump accidentally creating the cutest review of an industrial part ever. (youtu.be),8 hours ago,r/videos,2326
"Former slave escaped to US, went on to compete twice in the Olympics, joins Air Force to give back (military.com)",8 hours ago,r/UpliftingNews,726
Is it food? (i.imgur.com),8 hours ago,r/wholesomememes,154
The dirt on this car (i.redd.it),7 hours ago,r/oddlysatisfying,352
"George Harrison, 1961. Happy 75th to the Quiet Beatle. (imgur.com)",7 hours ago,r/OldSchoolCool,666
"""Keanu Reeves just turned up at parliament and no one knows why"" (i.imgur.com)",6 hours ago,r/KeanuBeingAwesome,286
Wakanda foolishness (i.imgur.com),6 hours ago,r/BlackPeopleTwitter,178
Abandoned 50's restaurant [1024x768] (i.redd.it),8 hours ago,r/AbandonedPorn,493
Spotty service. (i.imgur.com),5 hours ago,r/standupshots,36
"Invest in GIFs, they're hard to normify (media.giphy.com)",5 hours ago,r/MemeEconomy,97
Redditors collect long and growing list of evidence supporting Russia/Trump/Facebook collusion (np.reddit.com),7 hours ago,r/bestof,1030
Literally just a picture of Anakin Skywalker made out of pictures of sand (i.redd.it),8 hours ago,r/PrequelMemes,465
Burning the sickest CDs in the neighborhood.[/r/all] (i.redd.it),7 hours ago,r/nostalgia,374
A teacher's hope is that students have the most options in life (i.imgur.com),9 hours ago,r/HumansBeingBros,553
Long overdue. (i.redd.it),4 hours ago,r/powerwashingporn,47
Concentration camp prisoner identifies one of his guards to Allied soldiers (i.redd.it),8 hours ago,r/pics,551
Helping his friend throw up but she has NO gag reflexes left (gfycat.com),8 hours ago,r/whitepeoplegifs,814
"""Just give me the kitten you‚Äôre embarrassing yourself‚Äù (imgur.com)",6 hours ago,r/thisismylifenow,201
K9 retirement (i.redd.it),8 hours ago,r/aww,677
This is the most French thing I've seen in a while [x-post from r/france] (i.imgur.com),8 hours ago,r/funny,1310
Meeting his new sister for the first time. (i.imgur.com),3 hours ago,r/aww,50
"Senator Elizabeth Warren accused JP Morgan CEO Jamie Dimon of engaging in illegal activities. His response ? He leaned back, slowly smiled, and then replied ‚ÄúSo hit me with a fine. We can afford it"" (startoriall.com)",10 hours ago,r/LateStageCapitalism,631
Retro Mood (i.imgur.com),9 hours ago,r/battlestations,442
r/Buy*ItForLife not r/Lasted*TillNow (self.BuyItForLife),5 hours ago,r/BuyItForLife,176
He accidentally scrolled down to a thread from 6 years ago. It happens. (i.redd.it),5 hours ago,r/OopsDidntMeanTo,75
"Author Terry Goodkind shames his own cover, artist responds (i.imgur.com)",5 hours ago,r/Fantasy,634
ITAP on my flight home over Washington (i.imgur.com),4 hours ago,r/itookapicture,37
"One drives too fast. One drives too slow. Together they become, idiots on the road. (i.imgur.com)",4 hours ago,r/WhyWereTheyFilming,252
2meirl4meirl (i.redd.it),6 hours ago,r/2meirl4meirl,55
Rich white n#gga (i.redd.it),8 hours ago,r/trashy,336
"Plane ""landing""3DS Max (gfycat.com)",10 hours ago,r/Simulated,177
[I ate] this galaxy chocolate raspberry cakeImage (i.redd.it),10 hours ago,r/food,207
My daughter asked me what I'm posting on Reddit... (self.dadjokes),8 hours ago,r/dadjokes,105
Two homeless men squat in the shadow of the recently completed World Trade Center in 1975... [1366 √ó 2040] (i.redd.it),9 hours ago,r/HistoryPorn,285
They See Me Rollin' They Jumpin' (gfycat.com),8 hours ago,r/BetterEveryLoop,188
Whenever I'm talking about crypto to friends... (i.redd.it),9 hours ago,r/CryptoCurrency,192
"Missing the 360 Wireless Headset, Try this. (i.redd.it)",6 hours ago,r/xboxone,175
His daughter is 5 or 6... (i.redd.it),6 hours ago,r/thatHappened,352
Bavarian Cream DragonFruit Cake (gfycat.com),8 hours ago,r/GifRecipes,210
Mechanical Keyboards are the Answer (i.redd.it),8 hours ago,r/MechanicalKeyboards,201
"Tom Holland is commonly mistaken for a 16-year-old, proving how he was the perfect pick to play Spider-Man (i.redd.it)",5 hours ago,r/marvelstudios,109
Baby elephant likes to blow bubbles (i.imgur.com),5 hours ago,r/babyelephantgifs,19
"My wife is making me watch ""White people renovating houses"" (i.redd.it)",5 hours ago,r/southpark,83
When a family argument gets out of hand (i.redd.it),5 hours ago,r/funny,815
What‚Äôs the biggest culture shock you ever experienced? (self.AskReddit),10 hours ago,r/AskReddit,14827
This are some skills (i.imgur.com),8 hours ago,r/holdmybeer,126
"Kendrick, Colored Pencil, 18x24 (i.redd.it)",9 hours ago,r/Art,156
whomüÖ±Ô∏èst nut prior? ü§î (i.redd.it),8 hours ago,r/DeepFriedMemes,68
This confuses me every damn time. (i.imgur.com),6 hours ago,r/iphone,106
how to marry a british woman. (i.redd.it),8 hours ago,r/disneyvacation,106
"Posted my son‚Äôs hangman game on the Funny sub yesterday. Someone mentioned this sub in their comment. Thanks, Kjalris123. There is a lot of beauty here. (i.redd.it)",8 hours ago,r/PenmanshipPorn,70
I love this found it on Pinterest (i.redd.it),8 hours ago,r/futurama,74
If All Stars 3 was a Game Boy Color Game (i.imgur.com),6 hours ago,r/rupaulsdragrace,165
They will now (i.redd.it),9 hours ago,r/WhitePeopleTwitter,214
Muscle Parasites [OC] (i.redd.it),7 hours ago,r/comics,104
My new favourite 3D print (i.redd.it),9 hours ago,r/3Dprinting,107
I deactivated my facebook earlier this month- now they're texting me (i.redd.it),6 hours ago,r/mildlyinfuriating,153
Wrong kind of brush...still acceptable. (gfycat.com),5 hours ago,r/brushybrushy,28
Literally just a picture of a trebuchet made out of trebuchets (i.redd.it),4 hours ago,r/trebuchetmemes,61
How did Voyager 1 send back images of earth? Film or digital?! lt always bothers me (self.askscience),8 hours ago,r/askscience,440
Guy gets angry because I didn't respond within 5 minutes.Light (i.redd.it),9 hours ago,r/creepyPMs,332
"NeckBeard Homer, found simpsons shitposting (i.redd.it)",8 hours ago,r/niceguys,80
"Fragile X syndrome is the most frequent cause of intellectual disability in males. For the first time, researchers have restored activity to the fragile X syndrome gene in affected neurons using a modified CRISPR/Cas9 system in a human/mouse chimeric model published in journal Cell. (wi.mit.edu)",11 hours ago,r/science,398
A different side of Indian people on Facebook (i.redd.it),4 hours ago,r/indianpeoplefacebook,72
"Downtown loft, Budapest, Hungary [7000x8000] (i.redd.it)",10 hours ago,r/RoomPorn,167
Thank you CBC for the great olympic coverage! (self.canada),8 hours ago,r/canada,428
Couldn't find the app store? Try siri! Oh wait.. (i.redd.it),9 hours ago,r/softwaregore,97
Two men are drinking in a bar (self.Jokes),10 hours ago,r/Jokes,305
Beautiful courtyard in London (i.imgur.com),8 hours ago,r/CozyPlaces,65
"The stratospheric polar vortex splitting apart, bringing freezing weather to mid-latitudes in the northern hemisphere for the next month [OC] (gfycat.com)",9 hours ago,r/dataisbeautiful,326
Concentration camp prisoner identifies one of his guards to Allied soldiers (i.redd.it),8 hours ago,r/pics,551
My math teacher trying to be hip with the kidz (i.redd.it),8 hours ago,r/FellowKids,190
"Roses are red, god may be real (i.redd.it)",8 hours ago,r/boottoobig,150
"Reddit Refuses To Act As The_Donald Continues To Attack School Shooting Victims, So Advertisers Take Action (inquisitr.com)",4 hours ago,r/AgainstHateSubreddits,57
"Times Square, 1957 (i.redd.it)",10 hours ago,r/TheWayWeWere,121
"Beneath each of a Giraffe's patches lays a sophisticated system of blood vessels which match the layout of the fur pattern. These allow the patches to act as ""thermal windows"" and release body heat. (i.imgur.com)",10 hours ago,r/Awwducational,69
When walking just doesn't get the job done... (i.imgur.com),10 hours ago,r/Damnthatsinteresting,506
Early morning in the Tasmanian Wilderness World Heritage Area [OC] (3224 √ó 4299) (i.redd.it),11 hours ago,r/EarthPorn,128
Rejoice and be merry! (i.redd.it),8 hours ago,r/memes,78
When HQG hits 700k subscribers (i.imgur.com),11 hours ago,r/HighQualityGifs,427
ME IRL (i.redd.it),10 hours ago,r/meirl,72
Customer : Battery doesn‚Äôt lasts long (i.redd.it),5 hours ago,r/techsupportgore,81
Baseball games... (v.redd.it),5 hours ago,r/Wellthatsucks,227
Car starts sliding on an icy road (gfycat.com),9 hours ago,r/nonononoyes,86
Dis are my beans (i.imgur.com),5 hours ago,r/jellybeantoes,16
Seeing a UPS truck as an adult is the childhood equivalent of seeing an ice cream truck (self.Showerthoughts),5 hours ago,r/Showerthoughts,62
PsBattle: This very large stray dog in Bangkok (i.redd.it),11 hours ago,r/photoshopbattles,514
I think I finally found a use for binoculars. (youtube.com),7 hours ago,r/MonsterHunter,170
The hardest part of being a baby corgi is staying awake. (i.imgur.com),9 hours ago,r/BabyCorgis,18
Works every time! (i.redd.it),11 hours ago,r/ShittyLifeProTips,116
When a shitpost has a theological error in it (i.redd.it),11 hours ago,r/dankchristianmemes,141
Oh yeah. (i.redd.it),12 hours ago,r/BikiniBottomTwitter,85
Oh what the fuck. (i.redd.it),5 hours ago,r/insanepeoplefacebook,95
What the... Oh shit! What... OH FUCK! (i.imgur.com),8 hours ago,r/CatSlaps,27
The rear of the Alfa Romeo Sauber C37 is absolutely beautiful (i.redd.it),8 hours ago,r/formula1,87
Pie and a Beer. [2048x1365] (i.redd.it),10 hours ago,r/FoodPorn,126
"Well, it got the job done, I guess (v.redd.it)",9 hours ago,r/Breath_of_the_Wild,73
My mom is volunteering at a dog shelter and she‚Äôs shooting pictures of dogs for adoption (i.redd.it),13 hours ago,r/aww,705
When walking just doesn't get the job done... (i.imgur.com),10 hours ago,r/Damnthatsinteresting,506
"After the flight scene in Birdman, you can see a member of the crew detach Keaton's wire while disguised as an extra (i.redd.it)",5 hours ago,r/MovieDetails,25
Impending Defeat (i.imgur.com),6 hours ago,r/AccidentalRenaissance,48
Rejoice and be merry! (i.redd.it),8 hours ago,r/memes,78
1939 in a nutshell. (i.redd.it),7 hours ago,r/funny,217
I think I finally found a use for binoculars. (youtube.com),7 hours ago,r/MonsterHunter,170
Hooman tactics analyzed. Ready to engage. Hooman down. (i.imgur.com),9 hours ago,r/aww,29
Dis are my beans (i.imgur.com),5 hours ago,r/jellybeantoes,16
When a shitpost has a theological error in it (i.redd.it),11 hours ago,r/dankchristianmemes,141
Couldn't find the app store? Try siri! Oh wait.. (i.redd.it),9 hours ago,r/softwaregore,97
When HQG hits 700k subscribers (i.imgur.com),11 hours ago,r/HighQualityGifs,427
I honestly don‚Äôt know what I‚Äôve stumbled upon. (i.redd.it),5 hours ago,r/ComedyCemetery,120
"So proud of breaking Ninjas record, even if it is only on ps4 (i.redd.it)",4 hours ago,r/FortNiteBR,296
Lessons from a Calf (1991) - An elementary school in Japan begins an experimental program that frames the students' curriculum around one single project: raising a calf from adolescence to adulthood. (youtube.com),3 hours ago,r/Documentaries,23
"""I'm 14 and this is deep!"" (i.imgur.com)",5 hours ago,r/MurderedByWords,56
Car starts sliding on an icy road (gfycat.com),9 hours ago,r/nonononoyes,86
Pulling a van with a car (gfycat.com),12 hours ago,r/IdiotsInCars,431
Every time Toby opens his mouth (i.redd.it),6 hours ago,r/DunderMifflin,64
Aquaponics system (imgur.com),4 hours ago,r/DIY,138
"Bob‚Äôs counter. Jackson, GA. (i.redd.it)",6 hours ago,r/StrangerThings,34
I‚Äôm shocked (i.redd.it),6 hours ago,r/forwardsfromgrandma,196
"Working The Day, Partying The Night (i.imgur.com)",3 hours ago,r/funny,32
You can‚Äôt tell me nothing (i.redd.it),6 hours ago,r/firstworldanarchists,74
"Saw this posted this in r/getmotivated, so I made it an image. I know someone else needs this today! [900x600] (i.redd.it)",6 hours ago,r/QuotesPorn,75
never look [L]Original Content (gfycat.com),9 hours ago,r/perfectloops,37
G O O D E S T G I R L E does me a frenly stare (i.redd.it),7 hours ago,r/rarepuppers,17
George has an almost-loaf... can‚Äôt quite keep the back foot in there (i.redd.it),6 hours ago,r/Catloaf,35
"""Again! Again!"" (i.imgur.com)",6 hours ago,r/aww,17
"EA's reaction to Konami publishing a full price game that requires 40 dollars for save slots, 50 more for gathering resources and god knows how much more to have weapons. (i.redd.it)",7 hours ago,r/gaming,323
"A real unicorn, a black Ferrari Enzo [4409x3006] (i.redd.it)",8 hours ago,r/carporn,76
100% dodge chance (media.giphy.com),12 hours ago,r/gifs,352
My buddy Sterling having a snooze. (v.redd.it),8 hours ago,r/tuckedinkitties,38
"Interpert that, agnosticsIf Earth Isn't Flat (i.redd.it)",9 hours ago,r/coaxedintoasnafu,22
that's a bit greedy (i.redd.it),5 hours ago,r/memes,47
"Somewhere in the Blue Ridge Mountains, western North Carolina [2096x1048] [OC] (i.redd.it)",8 hours ago,r/EarthPorn,91
"""The military are heroes but me and Steve from accounting can take em"" (i.imgur.com)",7 hours ago,r/BlackPeopleTwitter,268
Who knew Julie Andrews was so violent? (i.imgur.com),10 hours ago,r/funny,92
How I imagine people on this sub who haven‚Äôt finished The Office (i.redd.it),4 hours ago,r/DunderMifflin,39
I was told you guys would like this. Here's some footage from a game I'm working on- the ocean is currently very empty and very deep. (v.redd.it),8 hours ago,r/thalassophobia,152
"Australian surfers invent Seabin, a rubbish bin for the ocean (illawarramercury.com.au)",12 hours ago,r/Futurology,302
This actually disturbs me (i.redd.it),9 hours ago,r/CringeAnarchy,412
Customer : Battery doesn‚Äôt lasts long (i.redd.it),5 hours ago,r/techsupportgore,81
Soooo (i.redd.it),7 hours ago,r/funny,64
SUGGESTION: Colored Rarity Guns V2 (i.redd.it),6 hours ago,r/FortNiteBR,180
"Meet Tombi, the cat who attends elementary school in Turkey (i.redd.it)",14 hours ago,r/pics,432
TIL that a small town in West Virginia asked the Soviet Union and East Germany for help with replacing a bridge after being ignored by the West Virginian goverment. The Soviets sent a journalist to investigate and within one hour the state finally agreed to pay for it. (en.wikipedia.org),2 hours ago,r/todayilearned,37
meow_irl (i.redd.it),13 hours ago,r/MEOW_IRL,78
"‚ÄúLet the music flow through you‚Äù, Acrylics on Canvas, 50x70cm (i.redd.it)",7 hours ago,r/Art,24
Bluehole; please remove clothing spawns. (self.PUBATTLEGROUNDS),11 hours ago,r/PUBATTLEGROUNDS,728
Newcastle's Grey street at dusk (i.redd.it),11 hours ago,r/travel,97
Goddess [by_James_Zwadlo] (i.redd.it),9 hours ago,r/VaporwaveAesthetics,59
[Art] I made some bronze diceArt (imgur.com),10 hours ago,r/DnD,133
Let's go through this puddle (i.imgur.com),12 hours ago,r/ChildrenFallingOver,118
"Yankees announced that ARod, Reggie, and Matsui are returning in Special Advisor roles. Nick Swisher has officially joined the organization as Special Advisor to Brian Cashman. (twitter.com)",7 hours ago,r/NYYankees,45
you're hired (i.redd.it),10 hours ago,r/tumblr,16
The most Finnish review I've ever seen (imgur.com),10 hours ago,r/funny,87
Better pretend you‚Äôre sleeping (i.imgur.com),5 hours ago,r/memes,36
"MURICA, FUCK YEA. FREEEEEEEDOOOOOOOOOM (i.redd.it)",8 hours ago,r/MURICA,65
Stop shaking your tail!! (i.imgur.com),10 hours ago,r/aww,27
"[WP] When a twin dies their brother/sister acquires all their strength, intelligence, etc. You've just discovered this phenomena, but so has your brother/sister (self.WritingPrompts)",9 hours ago,r/WritingPrompts,109
"""Angie is a therapy dog who comes into the library and lets kids read to her so that kids who are struggling with reading can gain confidence. Every time I‚Äôve seen her in the library she‚Äôs always wagging her tail for the kids and is very attentive."" (i.redd.it)",3 hours ago,r/aww,12
I know you stole my ping pong ball. (self.pettyrevenge),6 hours ago,r/pettyrevenge,38
Story of my lifeCREATIVE (i.redd.it),4 hours ago,r/FortNiteBR,26
The perfect face-swap doesn‚Äôt exi- (i.redd.it),3 hours ago,r/funny,17
"Why is Africa building a Great Green Wall? - Eleven countries are planting a wall of trees from east to west across Africa, just under the southern edge of the Sahara desert. The goal is to bring the dry lands back to life. (bbc.co.uk)",10 hours ago,r/environment,104
The rear of the Alfa Romeo Sauber C37 is absolutely beautiful (i.redd.it),8 hours ago,r/formula1,87
"North Korea willing to hold talks with US, says South Korea after hosting general for end of Winter Olympics (bbc.co.uk)",10 hours ago,r/worldnews,392
[Poetry] A A A A APoetry (youtube.com),10 hours ago,r/youtubehaiku,98
Just opening the bottle (v.redd.it),12 hours ago,r/IdiotsFightingThings,232
I drew Cordelia (i.redd.it),6 hours ago,r/FireEmblemHeroes,100
I drew Kensei from For Honor (i.redd.it),4 hours ago,r/gaming,46
This guy's comment history. (i.redd.it),7 hours ago,r/justneckbeardthings,229
Bojack Horseman has one of televisions greatest intros. (self.television),7 hours ago,r/television,180
Ice sheet holding onto trees after flood subsides (i.redd.it),3 hours ago,r/mildlyinteresting,22
"No mic, no problem (youtu.be)",5 hours ago,r/videos,88
"ULPT: ""ULPT: If your college website uses 'TurnItIn' to check for plagiarism, simply add ""quotes"" at the beggining and end of your entire paper in white font and it will interpret this as one long citation, giving you a 0% match."" (self.UnethicalLifeProTips)",6 hours ago,r/UnethicalLifeProTips,40
"American teacher late for school, 2020 (v.redd.it)",5 hours ago,r/gifs,79
N64 at McDonald's | 1996 - Early 2000's (i.redd.it),3 hours ago,r/OldSchoolCool,42
The truth about Trey Burke and his 2 dads (i.redd.it),5 hours ago,r/NYKnicks,7
Walking (i.imgur.com),8 hours ago,r/gifsthatkeepongiving,73
One In Chameleon (imgur.com),2 hours ago,r/behindthegifs,23
Sunday naps (v.redd.it),7 hours ago,r/aww,31
"For everyone that asked, I gave my dad his briefcase ‚Äúfull‚Äù of cash. Here‚Äôs the reveal video! (v.redd.it)",3 hours ago,r/funny,89
Sims 3 patch notes (v.redd.it),6 hours ago,r/ContagiousLaughter,29
walk past here almost every day but today it just looked different (i.redd.it),9 hours ago,r/AccidentalWesAnderson,19
Courteney Cox and Jennifer Aniston 1994 (i.redd.it),7 hours ago,r/OldSchoolCool,77
"Le futur, c'est maintenant. (i.imgur.com)",10 hours ago,r/france,184
Sometimes IntelliJ is to smart for me (i.redd.it),12 hours ago,r/ProgrammerHumor,218
Cat. (i.redd.it),6 hours ago,r/CatsStandingUp,49
"Hazy morning hike up Kalalau Valley on the Na Pali Coast of Kauai, HI [OC][1368x2048][COMPOSITE] (i.imgur.com)",7 hours ago,r/EarthPorn,18
LEAGUE CUP WINNERS UPVOTE PARTY!!!!!! (self.MCFC),3 hours ago,r/MCFC,71
A new breed (i.redd.it),4 hours ago,r/tumblr,18
Say hello to the camera first (gfycat.com),13 hours ago,r/JusticeServed,118
Hellooooooooooooo (i.imgur.com),9 hours ago,r/seinfeldgifs,33
Pet the zoomba (i.redd.it),6 hours ago,r/tumblr,30
Rainbow hair (i.imgur.com),4 hours ago,r/interestingasfuck,40
Sunset on Reflection Lake - Mt. Rainier National Park [OC][2000x1333] (i.redd.it),7 hours ago,r/EarthPorn,17
woof_irl (i.redd.it),14 hours ago,r/woof_irl,36
Lisa Bonet 1993 (i.redd.it),7 hours ago,r/OldSchoolCool,41
Please don't stop petting me giant fren (v.redd.it),7 hours ago,r/aww,8
"""Eye of God"" helmet of the pilots F-35 [950x1188] (i.redd.it)",13 hours ago,r/MilitaryPorn,264
TIL Swedes can find out each other's salaries with just one phone call to Swedish equivalent of the IRS. The person whose information is accessed is also informed who accessed it. (businessinsider.com),5 hours ago,r/todayilearned,104
These two lovebugs became parents of six puppies this week! (i.redd.it),4 hours ago,r/aww,19
Let's send some love to Queen Tati (i.redd.it),5 hours ago,r/rupaulsdragrace,45
"Any age 40+ people out there, what advice would you give to yourself that just turned 30? (self.AskReddit)",9 hours ago,r/AskReddit,1247
This guy.... (i.redd.it),9 hours ago,r/quityourbullshit,147
Ancestry.com (imgur.com),6 hours ago,r/memes,38
"Okay, at age 28 I just finished watching this series for the first time and have to say that was an awesome experience. It moved me, made me laugh and even gave me some great advice about life. I couldn‚Äôt stop watching. I especially loved Iroh and Zuko. Brilliant. That is all. (self.TheLastAirbender)",6 hours ago,r/TheLastAirbender,86
Social media keyboard shortcuts (i.redd.it),3 hours ago,r/coolguides,48
(morosi) Logan Morrison has agreed to a contract with #Twins. @MLB @MLBNetwork (twitter.com),3 hours ago,r/baseball,122
"To celebrate its 5,000th day on Mars, NASA last week commanded the Opportunity rover to take a self portrait with its microscope camera- something it was never designed to do. (i.imgur.com)",6 hours ago,r/space,63
"TIL that the actor who played Immortan Joe - the main antagonist in Mad Max: Fury Road - also played Toecutter, the main antagonist in the original Mad Max movie. (en.wikipedia.org)",9 hours ago,r/todayilearned,246
Morning walk. I got soakedPhoto (i.redd.it),3 hours ago,r/Rochester,6
Body art by Vanessa Davis (i.redd.it),3 hours ago,r/pics,37
obstacle (i.imgur.com),5 hours ago,r/youdontsurf,10
When your dealer comes over and pulls several pounds out of his bag (i.redd.it),13 hours ago,r/SequelMemes,72
Only true history nerds allowed (i.redd.it),8 hours ago,r/gatekeeping,70
"After a battle with Lyme‚Äôs disease, 15 year old Clyde is still alive and kicking! (i.redd.it)",6 hours ago,r/dogpictures,19
Skating to Toronto [1600x 1066] (farm5.staticflickr.com),4 hours ago,r/CityPorn,12
Flossing is gay (i.redd.it),4 hours ago,r/memes,7
Which celebrities killed their careers in a matter of seconds? (self.AskReddit),4 hours ago,r/AskReddit,1020
that look of betrayal (i.redd.it),6 hours ago,r/memes,13
"My new little boy will not be raised in cult. He will not be blessed in the Mormon Church like his older siblings were before his parents broke free of its bonds. He will be raised to be a free, critical thinker, encouraged to become his own unique self, and to treat all individuals with love. (i.redd.it)",6 hours ago,r/exmormon,65
He's so happy (v.redd.it),10 hours ago,r/INEEEEDIT,84
People cant handle the truth (i.redd.it),5 hours ago,r/DunderMifflin,49
So This Happened Yesterday‚Äôs (i.redd.it),3 hours ago,r/Justrolledintotheshop,218
Vault Dweller (i.redditmedia.com),12 hours ago,r/gaming,362
This guy‚Äôs amputated hand tattoo... (i.redd.it),4 hours ago,r/ATBGE,30
"This is Lexie. Lexie was found beaten with a pipe and set on fire. Today Lexie spends her days watching squirrels, protecting our 3 girls and sleeping smack in the middle of the bed. Life is good now! (i.redd.it)",11 hours ago,r/BeforeNAfterAdoption,118
Teeny-tiny kitty sketch (i.imgur.com),15 hours ago,r/pics,114
"In the era where professional athletes do paid appearances and fans are charged $20 and up for autographs, Doug Pederson told Moorestown leaders, ‚ÄúI wanna give back. I wanna sign autographs for all who want one.‚Äù He stayed after today‚Äôs event until EVERYONE got an autograph. (twitter.com)",6 hours ago,r/eagles,58
A photograph I took of the Galactic Core while in Glacier National Park. I call it ‚ÄúShow me the Way‚Äù. (i.redd.it),9 hours ago,r/space,104
"An intelligent and selfless trumpgret? Yes, it exists! (i.redd.it)",6 hours ago,r/Trumpgret,28
Getting hit by a car last year never stopped her. She's a strong independent cat who don't need no leg. (i.redd.it),2 hours ago,r/aww,16
How arteries are kept open which reduces the chance of a heart attack. (i.redd.it),9 hours ago,r/educationalgifs,97
Absolutelynotme_irl (i.redd.it),5 hours ago,r/absolutelynotme_irl,4
One of the greatest missions I‚Äôve ever played in a video game. Oh nostalgia... (i.redd.it),10 hours ago,r/gaming,205
"Russians commemorate anniversary of slain politician Boris Nemtsov's death - Thousands of Russians marched on Moscow's streets to commemorate the third anniversary of politician Boris Nemtsov's assassination. Nemtsov, murdered in 2015, was one of President Putin's most outspoken critics. (dw.com)",8 hours ago,r/worldnews,108
"Man with a thick New York accent ""reviews"" a Bodega Cat (streamable.com)",5 hours ago,r/aww,14
"This is Hobbs, he's a little weird (i.redd.it)",4 hours ago,r/Delightfullychubby,18
Found this in Albuquerque. We love this show here. (i.redd.it),6 hours ago,r/breakingbad,44
"Ah, of course (i.redd.it)",7 hours ago,r/Nicegirls,123
Felt this on a molecular level (i.redd.it),4 hours ago,r/FrankOcean,42
We should have a permanent shop for non-seasonal skins and daily sales.r/all (i.redd.it),11 hours ago,r/FortNiteBR,525
ELI5: How are toilet paper rolls sterilized? (self.explainlikeimfive),9 hours ago,r/explainlikeimfive,262
When you study for a test and then the teacher sneaks in something that wasnt in the book (gfycat.com),5 hours ago,r/teenagers,27
Top Minority Languages of Europe [3686 √ó 2174] (i.imgur.com),9 hours ago,r/MapPorn,285
Found these while exploring an abandoned building. (i.redd.it),5 hours ago,r/whatisthisthing,118
The shadow of my hand looks like a hand (i.redd.it),8 hours ago,r/notinteresting,19
My first attempt at succulents üåµ ! (The cupcakes were a little dry ü§∑üèª‚Äç‚ôÄÔ∏è) (i.redd.it),5 hours ago,r/Baking,62
"Oh, you wanna book an aisle and window bulkhead seat with the assumtion no one would sit in between. Ok (self.MaliciousCompliance)",59 minutes ago,r/MaliciousCompliance,50
Tsundere Cutie (i.redd.it),9 hours ago,r/DDLC,133
Captain America by Leonardo RomeroPage/Cover (i.redd.it),7 hours ago,r/comicbooks,26
Ending PyeongChang with a bang (i.imgur.com),13 hours ago,r/polandball,299
Another bug in matrix (i.redd.it),12 hours ago,r/pics,96
Found these while exploring an abandoned building. (i.redd.it),5 hours ago,r/whatisthisthing,118
but why tho (i.redd.it),14 hours ago,r/ATBGE,193
Freshly pressed glasses being removed from their molds. (i.imgur.com),5 hours ago,r/mechanical_gifs,39
"Ive seen people post pictures of their cat before, so i wanted to share mine. His name is Hobbs (i.redd.it)",4 hours ago,r/aww,17
Streamers shaming players for performing normal in-game actions. (self.FortNiteBR),5 hours ago,r/FortNiteBR,401
That one guy in the squad who hits the protein too hard (i.imgur.com),7 hours ago,r/trippinthroughtime,8
[AMA Request] Anyone that was featured on Penn & Teller: Bullshit! (self.IAmA),3 hours ago,r/IAmA,89
Cozy way to end my day (i.redd.it),8 hours ago,r/CozyPlaces,27
woop woop wa who wu wu waaaaa wah (i.redd.it),7 hours ago,r/Badfaketexts,50
The New York Yankees are still on pace for a perfect season (self.NYYankees),1 hour ago,r/NYYankees,14
"they told me I could be anything I wanted to be, so I chose to be drunk in Epcot (for my 21st, of course!) (i.redd.it)",6 hours ago,r/WaltDisneyWorld,66
What's your addiction? is it money? Is it girls? is it Animal Crossing? (i.redd.it),8 hours ago,r/Kanye,31
anime_irl (i.redd.it),8 hours ago,r/anime_irl,43
The view from my friend‚Äôs Hell‚Äôs Kitchen fire escape last night (i.redd.it),8 hours ago,r/newyorkcity,11
Cute baby duck! (i.redd.it),5 hours ago,r/aww,5
Run my little Chickens! (v.redd.it),3 hours ago,r/FortNiteBR,35
TIL Marcus Thames hit a home run on the first pitch he saw in his MLB career off of Randy JohnsonVideo (youtu.be),4 hours ago,r/baseball,30
It's all an illusion (i.redd.it),7 hours ago,r/funny,26
When you put it that way... (i.redd.it),4 hours ago,r/BlackPeopleTwitter,50
This pistachio eating asshole (i.redd.it),17 hours ago,r/mildlyinfuriating,890
Pottermore is such a wasted opportunity (self.harrypotter),8 hours ago,r/harrypotter,176
Another Fear (i.redd.it),6 hours ago,r/fffffffuuuuuuuuuuuu,28
Just got my first Zelda related tattoo - my tribute to the Eternal Goddesses (i.redd.it),6 hours ago,r/zelda,29
Today I‚Äôm finally cancer free! (self.gaming),6 hours ago,r/gaming,99
The Trail of Tears or the internment camps for Japanese Americans absolutely didn‚Äôt happen. Fake news. (i.redd.it),16 hours ago,r/facepalm,908
"Okay, Marge, if anyone asks, you require 24-hour nursing care, Lisa's a clergyman, Maggie is seven people and Bart was wounded in Vietnam (imgur.com)",6 hours ago,r/TheSimpsons,28
What was on the piece of paper (i.redd.it),5 hours ago,r/reddevils,53
You were my brother ! (i.redd.it),8 hours ago,r/DunderMifflin,18
Lightsaber fight in the parking lot (v.redd.it),2 hours ago,r/funny,61
This notebook at my work (v.redd.it),7 hours ago,r/2healthbars,17
My colleague begged me to make a Giraffe for her new baby due in May!...I enjoyed every minute of this amigurumi project :) (i.redd.it),7 hours ago,r/crafts,21
Disguising ads as system warnings in the operating system is truly Asshole Design (i.redd.it),7 hours ago,r/assholedesign,72
FBI Investigation Finds No Iowa Basketball Players Worthy of Impermissible Benefits (widerightnattylite.com),4 hours ago,r/CollegeBasketball,37
The formula is revealed - I thought I just liked the double kick... (i.redd.it),7 hours ago,r/funny,137
Anybody else make like 11 trips to the local hardware store every single time you do a project?? (self.HomeImprovement),3 hours ago,r/HomeImprovement,130
Show some respect (i.redd.it),6 hours ago,r/rangers,13
Best art model (i.imgur.com),7 hours ago,r/BeAmazed,18
Rest of the fucking rat (X-post from r/me_irl) (i.redd.it),13 hours ago,r/restofthefuckingowl,48
Yoenis Cespedes crushes his first home run of the springVideo (mediadownloads.mlb.com),3 hours ago,r/baseball,27
"Me at age 5, when I was a drug dealer from Miami apparently. Circa 1994 (imgur.com)",8 hours ago,r/OldSchoolCool,21
Great Burgers on Chicken Shrimp (imgur.com),7 hours ago,r/dontdeadopeninside,46
Horsing around (i.imgur.com),10 hours ago,r/aww,36
"Smile, kids! (i.imgur.com)",9 hours ago,r/hardcoreaww,7
"If you want to find your boyfriend, you‚Äôre gonna have to boot up some Rust (i.redd.it)",3 hours ago,r/gaming,59
Robot my daughter made (i.redd.it),10 hours ago,r/lego,48
Anon has an accident (i.redd.it),6 hours ago,r/greentext,12
End my suffering (i.redd.it),14 hours ago,r/memes,84
God is always listening (i.redd.it),5 hours ago,r/BlackPeopleTwitter,13
HMD/Nokia‚Äôs smartphones join Google‚Äôs Android One program ‚Äòleading the charge‚Äô (techcrunch.com),6 hours ago,r/Android,171
The Thing's practical effects (i.redd.it),15 hours ago,r/Moviesinthemaking,165
Guess they waited 2 years for this (i.redd.it),10 hours ago,r/beetlejuicing,45
"""WHERE WERE YOU ALL NIGHT?!"" (i.redd.it)",5 hours ago,r/garlicoin,6
Icing a cake (thumbs.gfycat.com),16 hours ago,r/oddlysatisfying,515
"Petition to call our lineup ""The Bomb Squad"" and our pitchers ""The K/9 Unit"" (self.NYYankees)",4 hours ago,r/NYYankees,13
"[Homemade] Skillet pizza with chorizo, lobster and red onion. sprinkled with pecorinoImage (i.redd.it)",10 hours ago,r/food,56
"If you're a student suspended or worse for attending a peaceful walkout protesting gun violence, BU has you covered. (i.redd.it)",2 hours ago,r/BinghamtonUniversity,4
But you said ...... (i.redd.it),4 hours ago,r/mildlyinfuriating,18
So close (v.redd.it),5 hours ago,r/funny,75
Doggo Finds Favorite Snowball (i.redd.it),7 hours ago,r/wholesomememes,9
"anime baseball girl drawing, Markers, a4 (2018) (i.redd.it)",9 hours ago,r/Art,49
[Image] Helping kids have a great time even when the nation is falling apart (i.imgur.com),6 hours ago,r/Frisson,30
"Shoes still life, oil on canvas, 45x75cm (i.redd.it)",6 hours ago,r/Art,22
"Funny how the Fake News Media doesn‚Äôt want to say that the Russian group was formed in 2014, long before my run for President. Maybe they knew I was going to run even though I didn‚Äôt know! 2:46 PM - 17 Feb 2018 (twitter.com)",5 hours ago,r/TrumpCriticizesTrump,42
"If you get a call that you received a tax return in error, it's almost certainly a scam (pressherald.com)",8 hours ago,r/Frugal,49
Cross-stitched map of former Yugoslavia [3148x2608] (imgur.com),7 hours ago,r/MapPorn,46
Racism on a goddamn YouTube cartoon (i.redd.it),5 hours ago,r/beholdthemasterrace,62
"Highschooler here, what do you guys think? (i.redd.it)",4 hours ago,r/malelivingspace,70
When there are more rules added to /r/PrequelMemes (i.imgur.com),9 hours ago,r/PrequelMemes,34
"TIL Einstein named Spinoza as the thinker most influential on his world view. When asked by a Rabbi if he believed in God, he replied ""I believe in Spinoza's God who reveals himself in the orderly harmony of what exists, not in a God who concerns himself with the fates and actions of human beings."" (en.wikipedia.org)",12 hours ago,r/todayilearned,94
Awesome adorable art... (i.redd.it),19 hours ago,r/lgbt,25
Two lines can make anything seem 3D. (i.redd.it),13 hours ago,r/blackmagicfuckery,17
One Piece Movies Tier List (i.redd.it),4 hours ago,r/OnePiece,59
HDTF 2016 vs 2018 hospital (imgur.com),6 hours ago,r/HalfLife,11
"So apparently R&F is ""life saving skincare"" that brings ""a bunch of skin cancer to the surface."" I'm not a dermatologist but I don't think that's how skin cancer works... (i.redd.it)",7 hours ago,r/antiMLM,40
Friend dropped by insurance for getting pregnant. (self.legaladvice),2 hours ago,r/legaladvice,4
Why don‚Äôt articles like this ever make it to cnn? (abc13.com),7 hours ago,r/progun,28
Bets you will always win (i.redd.it),4 hours ago,r/dank_meme,3
Unicorn spotting! 2017 Ferrari Laferrari (i.redd.it),18 hours ago,r/carporn,24
O Captain My captain (i.redd.it),3 hours ago,r/MCFC,6
Other: Affleck was pulled straight out of TDKR (i.imgur.com),7 hours ago,r/DC_Cinematic,50
But does he float? (i.redd.it),9 hours ago,r/FlashTV,6
I spek (i.redd.it),2 hours ago,r/PrequelMemes,2
B R I D (i.gyazo.com),23 hours ago,r/engrish,43
Low effort meme but relatable (i.redd.it),7 hours ago,r/DarlingInTheFranxx,5
And stay out! (i.imgur.com),4 hours ago,r/GaySoundsShitposts,2
Kevin Hart's cameo in the 40 Year Old Virgin. (youtu.be),6 hours ago,r/videos,45
Perfect! (v.redd.it),13 hours ago,r/Perfectfit,3
When you're too smart to date and too smart to understand a joke (i.redd.it),22 hours ago,r/iamverysmart,102
[Spoiler:] Google rewards ruined it for me (i.redd.it),3 hours ago,r/thebachelor,8
The Mario Brothers - Pipefitting Edition (i.redd.it),8 hours ago,r/gaming,69
This dude belongs here! (i.redd.it),4 hours ago,r/justneckbeardthings,25
Had a muddy game day yesterday (imgur.com),2 hours ago,r/airsoft,6
enjoying her first night home (i.redd.it),8 hours ago,r/BeforeNAfterAdoption,8
[Homemade] Eggs Benedict with bacon.Image (i.redd.it),4 hours ago,r/food,11
Meeting his new sister for the first time (i.imgur.com),4 hours ago,r/Eyebleach,172
üî•Potter waspüî• (i.redd.it),4 hours ago,r/NatureIsFuckingLit,440
Finally became the proud owner of this beautiful little guy yesterday. Always wanted my own pet and I finally did it. One of the happiest days of my life so far. (i.redd.it),4 hours ago,r/pics,1697
The S9 Keeps the 3.5mm Headphone Jack! (theverge.com),4 hours ago,r/gadgets,3117
They did it again... (i.redd.it),5 hours ago,r/funny,850
Gonna jump on top the cashier's table (i.imgur.com),4 hours ago,r/Whatcouldgowrong,205
When a family argument gets out of hand (i.redd.it),5 hours ago,r/funny,815
Russian athlete filmed in 'I don‚Äôt do doping' shirt fails Olympic drug test (theguardian.com),6 hours ago,r/news,2380
A Guy Who Knows a Creepshow When He Sees One. (i.imgur.com),5 hours ago,r/PoliticalHumor,1129
I put a bubble level on my basic drill so I know when I‚Äôm 90 degrees perpendicular to ground when drilling vertically. (i.redd.it),2 hours ago,r/lifehacks,217
"Vaccinations Drop in Europe, and the Result Was Over 21,000 Cases of Measles (gizmodo.com)",6 hours ago,r/worldnews,1377
Nash Appreciation Upvote Party. Thank you BDR. (i.redd.it),7 hours ago,r/rangers,133
!Heads Up!: Congress it trying to pass Bill H.R.1856 on Tuesday that removes protections of site owners for what their users post (self.technology),7 hours ago,r/technology,1680
"TIL Coyotes use their howls and yipping to create a kind of census of coyote populations. If their howls are not answered by other packs, it triggers an autogenic response that produces large litters. (news.nationalgeographic.com)",6 hours ago,r/todayilearned,395
"""Why did you trick me, human?"" (i.imgur.com)",6 hours ago,r/gifs,719
Haha sigh (i.imgur.com),5 hours ago,r/FunnyandSad,126
"TIL 13-year-old called out the Eastern State Penitentiary for having the wrong radio on display in a recreation of Al Capone‚Äôs cell. The radio wasn‚Äôt available until 1942 and Capone was imprisoned from 1929-1930, resulting in the museum replacing it and giving the teen the inaccurate radio. (cbsnews.com)",7 hours ago,r/todayilearned,481
A gorilla's gentle reminder that he could easily kill you (v.redd.it),4 hours ago,r/funny,354
I guess he didn't see that air drop of death comingEPIC COMMENT (gfycat.com),6 hours ago,r/FortNiteBR,182
Cute Kitty with a Squirrel's Tail (i.imgur.com),7 hours ago,r/aww,328
YIKES (i.redd.it),5 hours ago,r/oldpeoplefacebook,242
MRW I have a good story to tell but the conversation shifts making my story now off topic (i.imgur.com),7 hours ago,r/reactiongifs,196
She is absolutely lethal on the field. (gfycat.com),3 hours ago,r/UNBGBBIIVCHIDCTIICBG,114
Re latab le (i.redd.it),4 hours ago,r/funny,94
cat fake sleeping to eat chicken (gfycat.com),4 hours ago,r/aww,121
You want sum? (i.imgur.com),4 hours ago,r/AnimalsBeingJerks,91
"Invest in GIFs, they're hard to normify (media.giphy.com)",5 hours ago,r/MemeEconomy,98
Ancient Necropolis in Egypt discovered (news.sky.com),4 hours ago,r/history,279
"""Keanu Reeves just turned up at parliament and no one knows why"" (i.imgur.com)",6 hours ago,r/KeanuBeingAwesome,287
Youtuber gets interrupted by his daughter while explaining the inner workings of an industrial trochoidal oil-pump accidentally creating the cutest review of an industrial part ever. (youtu.be),8 hours ago,r/videos,2328
The dirt on this car (i.redd.it),7 hours ago,r/oddlysatisfying,352
Long overdue. (i.redd.it),4 hours ago,r/powerwashingporn,47
A gorilla's gentle reminder that he could easily kill you (v.redd.it),4 hours ago,r/funny,354
"George Harrison, 1961. Happy 75th to the Quiet Beatle. (imgur.com)",7 hours ago,r/OldSchoolCool,668
Wakanda foolishness (i.imgur.com),6 hours ago,r/BlackPeopleTwitter,178
RIP (i.redd.it),3 hours ago,r/gaming,65
Is it food? (i.imgur.com),8 hours ago,r/wholesomememes,154
"Former slave escaped to US, went on to compete twice in the Olympics, joins Air Force to give back (military.com)",8 hours ago,r/UpliftingNews,727
"Amazing Soccer Pitch in Lofoten Islands, Norway (i.imgur.com)",8 hours ago,r/sports,694
Every time Toby opens his mouth (i.redd.it),6 hours ago,r/DunderMifflin,64
Thousands of baby crabs swarm beach (gfycat.com),8 hours ago,r/woahdude,545
Spotty service. (i.imgur.com),5 hours ago,r/standupshots,37
"""Just give me the kitten you‚Äôre embarrassing yourself‚Äù (imgur.com)",6 hours ago,r/thisismylifenow,201
Wait for it... (v.redd.it),6 hours ago,r/WatchPeopleDieInside,304
John Travolta Finally Breaks His Silence | 60 clicks and nothing new is revealed (web.archive.org),7 hours ago,r/savedyouaclick,96
Redditors collect long and growing list of evidence supporting Russia/Trump/Facebook collusion (np.reddit.com),7 hours ago,r/bestof,1032
Abandoned 50's restaurant [1024x768] (i.redd.it),8 hours ago,r/AbandonedPorn,493
Burning the sickest CDs in the neighborhood.[/r/all] (i.redd.it),7 hours ago,r/nostalgia,374
3 cute trash pandas (i.imgur.com),8 hours ago,r/AnimalTextGifs,134
The State of Star Wars Gaming is depressing (self.StarWars),4 hours ago,r/StarWars,736
"CNN Poll: Trump approval slides, matches lowest point of presidency (cnn.com)",7 hours ago,r/BlueMidterm2018,397
Wait for it... (v.redd.it),6 hours ago,r/WatchPeopleDieInside,304
Lol this scene : (i.redd.it),8 hours ago,r/PandR,83
"TIL When the U.S. Half-Cent was discontinued in 1857 for not having enough buying power, it was worth about the same as a modern U.S. Dime (gizmodo.com)",8 hours ago,r/todayilearned,531
I managed to snap the best split second pose of Mr P while he was cleaning his paws. (i.redd.it),9 hours ago,r/aww,254
They see me rollin'...they hatin' (v.redd.it),5 hours ago,r/funny,209
"During and after Civil War, Steve Rogers' suit reflects him losing the mantle of being an Avenger and Captain America. (i.imgur.com)",8 hours ago,r/MovieDetails,733
Two homeless men squat in the shadow of the recently completed World Trade Center in 1975... [1366 √ó 2040] (i.redd.it),9 hours ago,r/HistoryPorn,285
"ULPT: If your college website uses 'TurnItIn' to check for plagiarism, simply add ""quotes"" at the beggining and end of your entire paper in white font and it will interpret this as one long citation, giving you a 0% match. (self.UnethicalLifeProTips)",8 hours ago,r/UnethicalLifeProTips,1263
The Plantkin are back (i.redd.it),7 hours ago,r/im14andthisisdeep,691
John Travolta Finally Breaks His Silence | 60 clicks and nothing new is revealed (web.archive.org),7 hours ago,r/savedyouaclick,96
A master of CharDee MacDennis (gfycat.com),3 hours ago,r/IASIP,64
"TIL that during the opening ceremony of Ottawa international Airport‚Äôs new terminal in 1959 a USAF F-104 Starfighter did a supersonic flypast. The resulting sonic boom shattered nearly all the glass in the airport and caused significant structural damage, delaying the opening for another year. (en.wikipedia.org)",7 hours ago,r/todayilearned,217
Trash bins in Copenhagen are angled so cyclists can toss their trash while biking (i.redd.it),9 hours ago,r/mildlyinteresting,1209
When eyeshadow is too effective (i.imgur.com),6 hours ago,r/funny,98
Yo! (i.imgur.com),8 hours ago,r/aww,56
"Indeed, a super cool teacher! (i.redd.it)",3 hours ago,r/MadeMeSmile,49
3 cute trash pandas (i.imgur.com),8 hours ago,r/AnimalTextGifs,134
"My one-eyed wonder, Patchy. (i.redd.it)",4 hours ago,r/aww,54
The Mars Volta - L'Via L'viaquez [Progressive Rock] (youtu.be),8 hours ago,r/Music,892
"""I'm going out to play and I'm taking this ball with me!"" (i.imgur.com)",7 hours ago,r/AnimalsBeingDerps,38
hmmm (i.redd.it),8 hours ago,r/hmmm,195
"Why do bamboozle, hooman ? (i.imgur.com)",6 hours ago,r/rarepuppers,84
Found this at a garage sale (i.redd.it),9 hours ago,r/funny,242
Alessandro Sicioldr (i.redd.it),6 hours ago,r/creepy,87
Italian Military destroying important documents before attack on Sicily (July 9 1943) (i.redd.it),9 hours ago,r/fakehistoryporn,40
This had to go through so many people to get made. (i.redd.it),6 hours ago,r/CrappyDesign,261
Boss Man gets distracted by his name card (i.redd.it),5 hours ago,r/breathinginformation,36
"Times Square, 1957 (i.redd.it)",10 hours ago,r/TheWayWeWere,121
Word choice (i.imgur.com),4 hours ago,r/BlackPeopleTwitter,41
HFPA Opens Investigation Following Brendan Fraser's Claim He Was Sexually Assaulted By Former President (theplaylist.net),7 hours ago,r/movies,494
DoG mELts as OwNeR juST sTanDs thERe anD tAKes PicTuREs (i.redd.it),9 hours ago,r/PeopleFuckingDying,43
What are you doing? (i.imgur.com),10 hours ago,r/gifs,479
"Whatever this thing is trying to be, it isn‚Äôt. (v.redd.it)",5 hours ago,r/DiWHY,218
ITAP on my flight home over Washington (i.imgur.com),4 hours ago,r/itookapicture,37
"Tom Holland is commonly mistaken for a 16-year-old, proving how he was the perfect pick to play Spider-Man (i.redd.it)",5 hours ago,r/marvelstudios,109
"Your son must die, Tracy! He won't paint my Thomas the Tank Engine models for free! (i.redd.it)",6 hours ago,r/ChoosingBeggars,173
are you kidding me (i.redd.it),1 hour ago,r/ExpectationVsReality,52
What are you doing? (i.imgur.com),10 hours ago,r/Unexpected,548
"Remember Aitzaz Hasan: at only 15 years old he tackled a suicide bomber who tried entering his school. Sadly, he died but he succeeded in saving hundreds of his fellow school mates. (i.redd.it)",6 hours ago,r/awesome,119
"Ten years ago this June, my ex brother in law put this on my towns water tower. It was labeled an act of terrorism, and the tower was drained. (i.redd.it)",9 hours ago,r/pics,688
"Not sure if this dog is trying to be rescued, or is just ready to go. (v.redd.it)",8 hours ago,r/funny,148
"TIL The water speed record is one of the deadliest competitions with an 85% fatality rate. The current record of 317 MPH was set in 1978 by an Australian, Ken Warby, using a vessel built in his backyard with an engine purchased for $69. (en.wikipedia.org)",7 hours ago,r/todayilearned,167
"Posted my son‚Äôs hangman game on the Funny sub yesterday. Someone mentioned this sub in their comment. Thanks, Kjalris123. There is a lot of beauty here. (i.redd.it)",8 hours ago,r/PenmanshipPorn,70
U can use your zip ties to make sure your legs stay together in the new wheelchair (i.imgur.com),9 hours ago,r/iamverybadass,1255
If All Stars 3 was a Game Boy Color Game (i.imgur.com),6 hours ago,r/rupaulsdragrace,165
Bavarian Cream DragonFruit Cake (gfycat.com),8 hours ago,r/GifRecipes,210
Rich white n#gga (i.redd.it),8 hours ago,r/trashy,336
"Plane ""landing""3DS Max (gfycat.com)",10 hours ago,r/Simulated,179
They will now (i.redd.it),9 hours ago,r/WhitePeopleTwitter,214
My daughter asked me what I'm posting on Reddit... (self.dadjokes),8 hours ago,r/dadjokes,105
GOT SEASON 8 EPISODE 1 (cont.) (i.redd.it),9 hours ago,r/freefolk,261
r/Buy*ItForLife not r/Lasted*TillNow (self.BuyItForLife),5 hours ago,r/BuyItForLife,176
What‚Äôs the biggest culture shock you ever experienced? (self.AskReddit),10 hours ago,r/AskReddit,14837
whomüÖ±Ô∏èst nut prior? ü§î (i.redd.it),8 hours ago,r/DeepFriedMemes,68
"Fragile X syndrome is the most frequent cause of intellectual disability in males. For the first time, researchers have restored activity to the fragile X syndrome gene in affected neurons using a modified CRISPR/Cas9 system in a human/mouse chimeric model published in journal Cell. (wi.mit.edu)",11 hours ago,r/science,398
Baby rhino (gfycat.com),7 hours ago,r/aww,36
Reaction of doggo looking at himself in front camera (gfycat.com),8 hours ago,r/aww,83
Weight loss plans.. and happy hats! (i.redd.it),5 hours ago,r/funny,88
Whenever I'm talking about crypto to friends... (i.redd.it),9 hours ago,r/CryptoCurrency,192
Retro Mood (i.imgur.com),9 hours ago,r/battlestations,442
Baby Corgi trying to stay awake (i.imgur.com),8 hours ago,r/aww,31
"Kendrick, Colored Pencil, 18x24 (i.redd.it)",9 hours ago,r/Art,156
They See Me Rollin' They Jumpin' (gfycat.com),8 hours ago,r/BetterEveryLoop,188
"My wife is making me watch ""White people renovating houses"" (i.redd.it)",5 hours ago,r/southpark,83
how to marry a british woman. (i.redd.it),8 hours ago,r/disneyvacation,106
"Downtown loft, Budapest, Hungary [7000x8000] (i.redd.it)",10 hours ago,r/RoomPorn,168
I deactivated my facebook earlier this month- now they're texting me (i.redd.it),6 hours ago,r/mildlyinfuriating,153
"Author Terry Goodkind shames his own cover, artist responds (i.imgur.com)",5 hours ago,r/Fantasy,634
This confuses me every damn time. (i.imgur.com),6 hours ago,r/iphone,106
I love this found it on Pinterest (i.redd.it),8 hours ago,r/futurama,74
Seeing a UPS truck as an adult is the childhood equivalent of seeing an ice cream truck (self.Showerthoughts),5 hours ago,r/Showerthoughts,62
"Reddit Refuses To Act As The_Donald Continues To Attack School Shooting Victims, So Advertisers Take Action (inquisitr.com)",4 hours ago,r/AgainstHateSubreddits,57
Oh yeah. (i.redd.it),12 hours ago,r/BikiniBottomTwitter,85
"Beneath each of a Giraffe's patches lays a sophisticated system of blood vessels which match the layout of the fur pattern. These allow the patches to act as ""thermal windows"" and release body heat. (i.imgur.com)",10 hours ago,r/Awwducational,70
"Roses are red, god may be real (i.redd.it)",8 hours ago,r/boottoobig,150
Beautiful courtyard in London (i.imgur.com),8 hours ago,r/CozyPlaces,65
Mechanical Keyboards are the Answer (i.redd.it),8 hours ago,r/MechanicalKeyboards,201
How did Voyager 1 send back images of earth? Film or digital?! lt always bothers me (self.askscience),8 hours ago,r/askscience,443
He accidentally scrolled down to a thread from 6 years ago. It happens. (i.redd.it),5 hours ago,r/OopsDidntMeanTo,75
PsBattle: This very large stray dog in Bangkok (i.redd.it),11 hours ago,r/photoshopbattles,514
There is always a special one (i.reddituploads.com),6 hours ago,r/aww,11
"NeckBeard Homer, found simpsons shitposting (i.redd.it)",8 hours ago,r/niceguys,80
So from the guy whose father worked the 1990 NWC in Detroit ... turns out his boss did as well and liked to save passes too ... (i.imgur.com),7 hours ago,r/nintendo,25
Works great for white men tho. (i.redd.it),5 hours ago,r/PoliticalHumor,311
His daughter is 5 or 6... (i.redd.it),6 hours ago,r/thatHappened,353
Muscle Parasites [OC] (i.redd.it),7 hours ago,r/comics,104
"The stratospheric polar vortex splitting apart, bringing freezing weather to mid-latitudes in the northern hemisphere for the next month [OC] (gfycat.com)",9 hours ago,r/dataisbeautiful,326
Literally just a picture of a trebuchet made out of trebuchets (i.redd.it),4 hours ago,r/trebuchetmemes,61
Two men are drinking in a bar (self.Jokes),10 hours ago,r/Jokes,305
Curb your Enthusiasm - The Flamboyant Kid (youtube.com),10 hours ago,r/television,304
2meirl4meirl (i.redd.it),6 hours ago,r/2meirl4meirl,55
"Used to hook up with this guy a year ago, he messages me out of nowhere asking to hook up again and this happens (i.redd.it)",6 hours ago,r/cringepics,306
Guy gets angry because I didn't respond within 5 minutes.Light (i.redd.it),9 hours ago,r/creepyPMs,332
Wrong kind of brush...still acceptable. (gfycat.com),5 hours ago,r/brushybrushy,28
"Lake Worth Street Painting Festival, Lake Worth (i.imgur.com)",8 hours ago,r/gaming,59
Princess Zelda cosplay from Breath of the wild (i.imgur.com),11 hours ago,r/gaming,575
My math teacher trying to be hip with the kidz (i.redd.it),8 hours ago,r/FellowKids,190
My new favourite 3D print (i.redd.it),9 hours ago,r/3Dprinting,107
Pie and a Beer. [2048x1365] (i.redd.it),10 hours ago,r/FoodPorn,126
My new favourite 3D print (i.redd.it),9 hours ago,r/3Dprinting,107
Baby elephant likes to blow bubbles (i.imgur.com),5 hours ago,r/babyelephantgifs,19
This refrigerator has an automatic water pitcher built into it. (i.redd.it),3 hours ago,r/mildlyinteresting,78
"China will scrap limit on presidential term, meaning Xi Jinping can stay on (scmp.com)",13 hours ago,r/worldnews,4807
A different side of Indian people on Facebook (i.redd.it),4 hours ago,r/indianpeoplefacebook,72
Early morning in the Tasmanian Wilderness World Heritage Area [OC] (3224 √ó 4299) (i.redd.it),11 hours ago,r/EarthPorn,129
You‚Äôre a good boy! (v.redd.it),9 hours ago,r/aww,92
Baseball games... (v.redd.it),5 hours ago,r/Wellthatsucks,229
"TIL a woman has Chimerism: she's a fraternal twin who fused together with her sibling in the womb. Now she has 2 different immune systems and 2 different bloodstreams. Her immune system's constantly fighting off her twin sister‚Äôs cells, as it recognizes them as foreign, causing autoimmune issues. (yahoo.com)",8 hours ago,r/todayilearned,358
Nash Face Appreciation PostDoes this look like the face of a man who knows mercy? (i.redd.it),7 hours ago,r/rangers,11
What the... Oh shit! What... OH FUCK! (i.imgur.com),8 hours ago,r/CatSlaps,27
"Young Kenyan woman holding a dik-dik, Mombasa 1909 (i.redd.it)",5 hours ago,r/OldSchoolCool,51
Fact of the day (i.redd.it),4 hours ago,r/DunderMifflin,15
"Well, it got the job done, I guess (v.redd.it)",9 hours ago,r/Breath_of_the_Wild,73
My mom is volunteering at a dog shelter and she‚Äôs shooting pictures of dogs for adoption (i.redd.it),13 hours ago,r/aww,705
The Quiet Hero of our 2017-2018 Season (i.redd.it),3 hours ago,r/buffalobills,15
When walking just doesn't get the job done... (i.imgur.com),10 hours ago,r/Damnthatsinteresting,506
He was the cutest darn thing! (i.redd.it),3 hours ago,r/aww,18
Rejoice and be merry! (i.redd.it),8 hours ago,r/memes,78
"After the flight scene in Birdman, you can see a member of the crew detach Keaton's wire while disguised as an extra (i.redd.it)",5 hours ago,r/MovieDetails,25
1939 in a nutshell. (i.redd.it),7 hours ago,r/funny,217
I think I finally found a use for binoculars. (youtube.com),7 hours ago,r/MonsterHunter,170
Impending Defeat (i.imgur.com),6 hours ago,r/AccidentalRenaissance,48
Hooman tactics analyzed. Ready to engage. Hooman down. (i.imgur.com),9 hours ago,r/aww,29
Dis are my beans (i.imgur.com),5 hours ago,r/jellybeantoes,16
When a shitpost has a theological error in it (i.redd.it),11 hours ago,r/dankchristianmemes,141
Couldn't find the app store? Try siri! Oh wait.. (i.redd.it),9 hours ago,r/softwaregore,97
When HQG hits 700k subscribers (i.imgur.com),11 hours ago,r/HighQualityGifs,427
I honestly don‚Äôt know what I‚Äôve stumbled upon. (i.redd.it),5 hours ago,r/ComedyCemetery,120
Lessons from a Calf (1991) - An elementary school in Japan begins an experimental program that frames the students' curriculum around one single project: raising a calf from adolescence to adulthood. (youtube.com),3 hours ago,r/Documentaries,23
"So proud of breaking Ninjas record, even if it is only on ps4 (i.redd.it)",4 hours ago,r/FortNiteBR,296
"""I'm 14 and this is deep!"" (i.imgur.com)",5 hours ago,r/MurderedByWords,57
Car starts sliding on an icy road (gfycat.com),9 hours ago,r/nonononoyes,86
Pulling a van with a car (gfycat.com),12 hours ago,r/IdiotsInCars,431
Every time Toby opens his mouth (i.redd.it),6 hours ago,r/DunderMifflin,65
"Bob‚Äôs counter. Jackson, GA. (i.redd.it)",6 hours ago,r/StrangerThings,34
I‚Äôm shocked (i.redd.it),6 hours ago,r/forwardsfromgrandma,196
"Working The Day, Partying The Night (i.imgur.com)",3 hours ago,r/funny,32
Aquaponics system (imgur.com),4 hours ago,r/DIY,138
You can‚Äôt tell me nothing (i.redd.it),6 hours ago,r/firstworldanarchists,74
"Saw this posted this in r/getmotivated, so I made it an image. I know someone else needs this today! [900x600] (i.redd.it)",6 hours ago,r/QuotesPorn,75
never look [L]Original Content (gfycat.com),9 hours ago,r/perfectloops,37
G O O D E S T G I R L E does me a frenly stare (i.redd.it),7 hours ago,r/rarepuppers,17
George has an almost-loaf... can‚Äôt quite keep the back foot in there (i.redd.it),6 hours ago,r/Catloaf,35
"""Again! Again!"" (i.imgur.com)",6 hours ago,r/aww,17
"EA's reaction to Konami publishing a full price game that requires 40 dollars for save slots, 50 more for gathering resources and god knows how much more to have weapons. (i.redd.it)",7 hours ago,r/gaming,324
"A real unicorn, a black Ferrari Enzo [4409x3006] (i.redd.it)",8 hours ago,r/carporn,76
100% dodge chance (media.giphy.com),12 hours ago,r/gifs,352
My buddy Sterling having a snooze. (v.redd.it),8 hours ago,r/tuckedinkitties,38
"Interpert that, agnosticsIf Earth Isn't Flat (i.redd.it)",9 hours ago,r/coaxedintoasnafu,22
that's a bit greedy (i.redd.it),5 hours ago,r/memes,47
"Somewhere in the Blue Ridge Mountains, western North Carolina [2096x1048] [OC] (i.redd.it)",8 hours ago,r/EarthPorn,91
"""The military are heroes but me and Steve from accounting can take em"" (i.imgur.com)",7 hours ago,r/BlackPeopleTwitter,268
Who knew Julie Andrews was so violent? (i.imgur.com),10 hours ago,r/funny,92
How I imagine people on this sub who haven‚Äôt finished The Office (i.redd.it),4 hours ago,r/DunderMifflin,39
I was told you guys would like this. Here's some footage from a game I'm working on- the ocean is currently very empty and very deep. (v.redd.it),8 hours ago,r/thalassophobia,153
"Australian surfers invent Seabin, a rubbish bin for the ocean (illawarramercury.com.au)",12 hours ago,r/Futurology,302
This actually disturbs me (i.redd.it),9 hours ago,r/CringeAnarchy,413
Customer : Battery doesn‚Äôt lasts long (i.redd.it),5 hours ago,r/techsupportgore,81
Soooo (i.redd.it),7 hours ago,r/funny,64
SUGGESTION: Colored Rarity Guns V2 (i.redd.it),6 hours ago,r/FortNiteBR,180
"Meet Tombi, the cat who attends elementary school in Turkey (i.redd.it)",14 hours ago,r/pics,432
TIL that a small town in West Virginia asked the Soviet Union and East Germany for help with replacing a bridge after being ignored by the West Virginian goverment. The Soviets sent a journalist to investigate and within one hour the state finally agreed to pay for it. (en.wikipedia.org),2 hours ago,r/todayilearned,37
meow_irl (i.redd.it),13 hours ago,r/MEOW_IRL,78
"‚ÄúLet the music flow through you‚Äù, Acrylics on Canvas, 50x70cm (i.redd.it)",7 hours ago,r/Art,24
Bluehole; please remove clothing spawns. (self.PUBATTLEGROUNDS),11 hours ago,r/PUBATTLEGROUNDS,728
Newcastle's Grey street at dusk (i.redd.it),11 hours ago,r/travel,98
Goddess [by_James_Zwadlo] (i.redd.it),9 hours ago,r/VaporwaveAesthetics,59
[Art] I made some bronze diceArt (imgur.com),10 hours ago,r/DnD,133
Let's go through this puddle (i.imgur.com),12 hours ago,r/ChildrenFallingOver,118
"Yankees announced that ARod, Reggie, and Matsui are returning in Special Advisor roles. Nick Swisher has officially joined the organization as Special Advisor to Brian Cashman. (twitter.com)",7 hours ago,r/NYYankees,45
you're hired (i.redd.it),10 hours ago,r/tumblr,16
The most Finnish review I've ever seen (imgur.com),10 hours ago,r/funny,87
Better pretend you‚Äôre sleeping (i.imgur.com),5 hours ago,r/memes,36
"MURICA, FUCK YEA. FREEEEEEEDOOOOOOOOOM (i.redd.it)",8 hours ago,r/MURICA,65
Stop shaking your tail!! (i.imgur.com),10 hours ago,r/aww,27
"[WP] When a twin dies their brother/sister acquires all their strength, intelligence, etc. You've just discovered this phenomena, but so has your brother/sister (self.WritingPrompts)",9 hours ago,r/WritingPrompts,109
"""Angie is a therapy dog who comes into the library and lets kids read to her so that kids who are struggling with reading can gain confidence. Every time I‚Äôve seen her in the library she‚Äôs always wagging her tail for the kids and is very attentive."" (i.redd.it)",3 hours ago,r/aww,12
I know you stole my ping pong ball. (self.pettyrevenge),6 hours ago,r/pettyrevenge,38
Story of my lifeCREATIVE (i.redd.it),4 hours ago,r/FortNiteBR,26
The perfect face-swap doesn‚Äôt exi- (i.redd.it),3 hours ago,r/funny,17
"Why is Africa building a Great Green Wall? - Eleven countries are planting a wall of trees from east to west across Africa, just under the southern edge of the Sahara desert. The goal is to bring the dry lands back to life. (bbc.co.uk)",10 hours ago,r/environment,104
The rear of the Alfa Romeo Sauber C37 is absolutely beautiful (i.redd.it),8 hours ago,r/formula1,87
"North Korea willing to hold talks with US, says South Korea after hosting general for end of Winter Olympics (bbc.co.uk)",10 hours ago,r/worldnews,392
[Poetry] A A A A APoetry (youtube.com),10 hours ago,r/youtubehaiku,98
Just opening the bottle (v.redd.it),12 hours ago,r/IdiotsFightingThings,232
I drew Cordelia (i.redd.it),6 hours ago,r/FireEmblemHeroes,100
I drew Kensei from For Honor (i.redd.it),4 hours ago,r/gaming,46
This guy's comment history. (i.redd.it),7 hours ago,r/justneckbeardthings,229
Bojack Horseman has one of televisions greatest intros. (self.television),7 hours ago,r/television,180
Ice sheet holding onto trees after flood subsides (i.redd.it),3 hours ago,r/mildlyinteresting,22
"No mic, no problem (youtu.be)",5 hours ago,r/videos,89
"ULPT: ""ULPT: If your college website uses 'TurnItIn' to check for plagiarism, simply add ""quotes"" at the beggining and end of your entire paper in white font and it will interpret this as one long citation, giving you a 0% match."" (self.UnethicalLifeProTips)",6 hours ago,r/UnethicalLifeProTips,40
"American teacher late for school, 2020 (v.redd.it)",5 hours ago,r/gifs,79
N64 at McDonald's | 1996 - Early 2000's (i.redd.it),3 hours ago,r/OldSchoolCool,42
The truth about Trey Burke and his 2 dads (i.redd.it),5 hours ago,r/NYKnicks,7
Walking (i.imgur.com),8 hours ago,r/gifsthatkeepongiving,73
One In Chameleon (imgur.com),2 hours ago,r/behindthegifs,24
Sunday naps (v.redd.it),7 hours ago,r/aww,31
"For everyone that asked, I gave my dad his briefcase ‚Äúfull‚Äù of cash. Here‚Äôs the reveal video! (v.redd.it)",3 hours ago,r/funny,90
Sims 3 patch notes (v.redd.it),6 hours ago,r/ContagiousLaughter,29
walk past here almost every day but today it just looked different (i.redd.it),9 hours ago,r/AccidentalWesAnderson,19
Rainbow hair (i.imgur.com),4 hours ago,r/interestingasfuck,40
"Le futur, c'est maintenant. (i.imgur.com)",10 hours ago,r/france,184
Sometimes IntelliJ is to smart for me (i.redd.it),12 hours ago,r/ProgrammerHumor,218
Cat. (i.redd.it),6 hours ago,r/CatsStandingUp,50
"Hazy morning hike up Kalalau Valley on the Na Pali Coast of Kauai, HI [OC][1368x2048][COMPOSITE] (i.imgur.com)",7 hours ago,r/EarthPorn,18
Pet the zoomba (i.redd.it),6 hours ago,r/tumblr,30
LEAGUE CUP WINNERS UPVOTE PARTY!!!!!! (self.MCFC),3 hours ago,r/MCFC,71
A new breed (i.redd.it),4 hours ago,r/tumblr,18
Say hello to the camera first (gfycat.com),13 hours ago,r/JusticeServed,118
Hellooooooooooooo (i.imgur.com),9 hours ago,r/seinfeldgifs,33
woof_irl (i.redd.it),14 hours ago,r/woof_irl,36
Sunset on Reflection Lake - Mt. Rainier National Park [OC][2000x1333] (i.redd.it),7 hours ago,r/EarthPorn,17
Lisa Bonet 1993 (i.redd.it),7 hours ago,r/OldSchoolCool,41
Please don't stop petting me giant fren (v.redd.it),7 hours ago,r/aww,8
"""Eye of God"" helmet of the pilots F-35 [950x1188] (i.redd.it)",13 hours ago,r/MilitaryPorn,264
TIL Swedes can find out each other's salaries with just one phone call to Swedish equivalent of the IRS. The person whose information is accessed is also informed who accessed it. (businessinsider.com),5 hours ago,r/todayilearned,104
These two lovebugs became parents of six puppies this week! (i.redd.it),4 hours ago,r/aww,19
Ancestry.com (imgur.com),6 hours ago,r/memes,38
This guy.... (i.redd.it),9 hours ago,r/quityourbullshit,147
"Okay, at age 28 I just finished watching this series for the first time and have to say that was an awesome experience. It moved me, made me laugh and even gave me some great advice about life. I couldn‚Äôt stop watching. I especially loved Iroh and Zuko. Brilliant. That is all. (self.TheLastAirbender)",6 hours ago,r/TheLastAirbender,86
Let's send some love to Queen Tati (i.redd.it),5 hours ago,r/rupaulsdragrace,45
Social media keyboard shortcuts (i.redd.it),3 hours ago,r/coolguides,48
(morosi) Logan Morrison has agreed to a contract with #Twins. @MLB @MLBNetwork (twitter.com),3 hours ago,r/baseball,122
"To celebrate its 5,000th day on Mars, NASA last week commanded the Opportunity rover to take a self portrait with its microscope camera- something it was never designed to do. (i.imgur.com)",6 hours ago,r/space,63
"TIL that the actor who played Immortan Joe - the main antagonist in Mad Max: Fury Road - also played Toecutter, the main antagonist in the original Mad Max movie. (en.wikipedia.org)",9 hours ago,r/todayilearned,246
Morning walk. I got soakedPhoto (i.redd.it),3 hours ago,r/Rochester,6
Body art by Vanessa Davis (i.redd.it),4 hours ago,r/pics,37
obstacle (i.imgur.com),5 hours ago,r/youdontsurf,10
When your dealer comes over and pulls several pounds out of his bag (i.redd.it),13 hours ago,r/SequelMemes,72
Only true history nerds allowed (i.redd.it),8 hours ago,r/gatekeeping,70
"After a battle with Lyme‚Äôs disease, 15 year old Clyde is still alive and kicking! (i.redd.it)",6 hours ago,r/dogpictures,19
Skating to Toronto [1600x 1066] (farm5.staticflickr.com),4 hours ago,r/CityPorn,12
Flossing is gay (i.redd.it),4 hours ago,r/memes,7
Which celebrities killed their careers in a matter of seconds? (self.AskReddit),4 hours ago,r/AskReddit,1026
that look of betrayal (i.redd.it),6 hours ago,r/memes,13
"My new little boy will not be raised in cult. He will not be blessed in the Mormon Church like his older siblings were before his parents broke free of its bonds. He will be raised to be a free, critical thinker, encouraged to become his own unique self, and to treat all individuals with love. (i.redd.it)",6 hours ago,r/exmormon,65
He's so happy (v.redd.it),10 hours ago,r/INEEEEDIT,84
People cant handle the truth (i.redd.it),5 hours ago,r/DunderMifflin,49
Vault Dweller (i.redditmedia.com),12 hours ago,r/gaming,362
This guy‚Äôs amputated hand tattoo... (i.redd.it),4 hours ago,r/ATBGE,30
"A Pagani Huayra BC leaving a gas station in Newport Beach, California (i.redd.it)",5 hours ago,r/Autos,35
"This is Lexie. Lexie was found beaten with a pipe and set on fire. Today Lexie spends her days watching squirrels, protecting our 3 girls and sleeping smack in the middle of the bed. Life is good now! (i.redd.it)",11 hours ago,r/BeforeNAfterAdoption,118
Teeny-tiny kitty sketch (i.imgur.com),15 hours ago,r/pics,114
Just started playing gamecube AC again (i.imgur.com),3 hours ago,r/AnimalCrossing,17
"In the era where professional athletes do paid appearances and fans are charged $20 and up for autographs, Doug Pederson told Moorestown leaders, ‚ÄúI wanna give back. I wanna sign autographs for all who want one.‚Äù He stayed after today‚Äôs event until EVERYONE got an autograph. (twitter.com)",6 hours ago,r/eagles,58
A photograph I took of the Galactic Core while in Glacier National Park. I call it ‚ÄúShow me the Way‚Äù. (i.redd.it),9 hours ago,r/space,104
"An intelligent and selfless trumpgret? Yes, it exists! (i.redd.it)",6 hours ago,r/Trumpgret,28
Getting hit by a car last year never stopped her. She's a strong independent cat who don't need no leg. (i.redd.it),2 hours ago,r/aww,16
How arteries are kept open which reduces the chance of a heart attack. (i.redd.it),9 hours ago,r/educationalgifs,97
Absolutelynotme_irl (i.redd.it),5 hours ago,r/absolutelynotme_irl,4
One of the greatest missions I‚Äôve ever played in a video game. Oh nostalgia... (i.redd.it),10 hours ago,r/gaming,207
"Russians commemorate anniversary of slain politician Boris Nemtsov's death - Thousands of Russians marched on Moscow's streets to commemorate the third anniversary of politician Boris Nemtsov's assassination. Nemtsov, murdered in 2015, was one of President Putin's most outspoken critics. (dw.com)",8 hours ago,r/worldnews,108
"Man with a thick New York accent ""reviews"" a Bodega Cat (streamable.com)",5 hours ago,r/aww,14
"This is Hobbs, he's a little weird (i.redd.it)",4 hours ago,r/Delightfullychubby,18
Found this in Albuquerque. We love this show here. (i.redd.it),6 hours ago,r/breakingbad,44
"Ah, of course (i.redd.it)",7 hours ago,r/Nicegirls,123
Felt this on a molecular level (i.redd.it),4 hours ago,r/FrankOcean,42
We should have a permanent shop for non-seasonal skins and daily sales.r/all (i.redd.it),11 hours ago,r/FortNiteBR,525
ELI5: How are toilet paper rolls sterilized? (self.explainlikeimfive),9 hours ago,r/explainlikeimfive,262
When you study for a test and then the teacher sneaks in something that wasnt in the book (gfycat.com),5 hours ago,r/teenagers,27
Top Minority Languages of Europe [3686 √ó 2174] (i.imgur.com),9 hours ago,r/MapPorn,285
Found these while exploring an abandoned building. (i.redd.it),5 hours ago,r/whatisthisthing,118
The shadow of my hand looks like a hand (i.redd.it),8 hours ago,r/notinteresting,19
My first attempt at succulents üåµ ! (The cupcakes were a little dry ü§∑üèª‚Äç‚ôÄÔ∏è) (i.redd.it),5 hours ago,r/Baking,63
"Oh, you wanna book an aisle and window bulkhead seat with the assumtion no one would sit in between. Ok (self.MaliciousCompliance)",59 minutes ago,r/MaliciousCompliance,51
Another bug in matrix (i.redd.it),12 hours ago,r/pics,96
Tsundere Cutie (i.redd.it),9 hours ago,r/DDLC,133
Captain America by Leonardo RomeroPage/Cover (i.redd.it),7 hours ago,r/comicbooks,26
Ending PyeongChang with a bang (i.imgur.com),13 hours ago,r/polandball,300
woop woop wa who wu wu waaaaa wah (i.redd.it),7 hours ago,r/Badfaketexts,50
but why tho (i.redd.it),14 hours ago,r/ATBGE,193
Freshly pressed glasses being removed from their molds. (i.imgur.com),5 hours ago,r/mechanical_gifs,39
"Ive seen people post pictures of their cat before, so i wanted to share mine. His name is Hobbs (i.redd.it)",4 hours ago,r/aww,17
Streamers shaming players for performing normal in-game actions. (self.FortNiteBR),5 hours ago,r/FortNiteBR,401
That one guy in the squad who hits the protein too hard (i.imgur.com),7 hours ago,r/trippinthroughtime,8
[AMA Request] Anyone that was featured on Penn & Teller: Bullshit! (self.IAmA),3 hours ago,r/IAmA,90
Cozy way to end my day (i.redd.it),8 hours ago,r/CozyPlaces,27
The New York Yankees are still on pace for a perfect season (self.NYYankees),1 hour ago,r/NYYankees,14
The view from my friend‚Äôs Hell‚Äôs Kitchen fire escape last night (i.redd.it),8 hours ago,r/newyorkcity,11
"they told me I could be anything I wanted to be, so I chose to be drunk in Epcot (for my 21st, of course!) (i.redd.it)",6 hours ago,r/WaltDisneyWorld,67
What's your addiction? is it money? Is it girls? is it Animal Crossing? (i.redd.it),8 hours ago,r/Kanye,31
anime_irl (i.redd.it),8 hours ago,r/anime_irl,43
Another Fear (i.redd.it),6 hours ago,r/fffffffuuuuuuuuuuuu,28
Cute baby duck! (i.redd.it),5 hours ago,r/aww,5
Run my little Chickens! (v.redd.it),3 hours ago,r/FortNiteBR,36
What was on the piece of paper (i.redd.it),5 hours ago,r/reddevils,53
TIL Marcus Thames hit a home run on the first pitch he saw in his MLB career off of Randy JohnsonVideo (youtu.be),4 hours ago,r/baseball,30
"Okay, Marge, if anyone asks, you require 24-hour nursing care, Lisa's a clergyman, Maggie is seven people and Bart was wounded in Vietnam (imgur.com)",6 hours ago,r/TheSimpsons,28
When you put it that way... (i.redd.it),4 hours ago,r/BlackPeopleTwitter,50
This pistachio eating asshole (i.redd.it),17 hours ago,r/mildlyinfuriating,890
Pottermore is such a wasted opportunity (self.harrypotter),8 hours ago,r/harrypotter,176
Anybody else make like 11 trips to the local hardware store every single time you do a project?? (self.HomeImprovement),3 hours ago,r/HomeImprovement,130
Just got my first Zelda related tattoo - my tribute to the Eternal Goddesses (i.redd.it),6 hours ago,r/zelda,29
Today I‚Äôm finally cancer free! (self.gaming),6 hours ago,r/gaming,99
It's all an illusion (i.redd.it),7 hours ago,r/funny,26
The Trail of Tears or the internment camps for Japanese Americans absolutely didn‚Äôt happen. Fake news. (i.redd.it),16 hours ago,r/facepalm,908
You were my brother ! (i.redd.it),8 hours ago,r/DunderMifflin,18
Lightsaber fight in the parking lot (v.redd.it),2 hours ago,r/funny,61
This notebook at my work (v.redd.it),7 hours ago,r/2healthbars,17
Anon has an accident (i.redd.it),6 hours ago,r/greentext,12
My colleague begged me to make a Giraffe for her new baby due in May!...I enjoyed every minute of this amigurumi project :) (i.redd.it),7 hours ago,r/crafts,21
Disguising ads as system warnings in the operating system is truly Asshole Design (i.redd.it),7 hours ago,r/assholedesign,72
FBI Investigation Finds No Iowa Basketball Players Worthy of Impermissible Benefits (widerightnattylite.com),4 hours ago,r/CollegeBasketball,37
The formula is revealed - I thought I just liked the double kick... (i.redd.it),7 hours ago,r/funny,137
Show some respect (i.redd.it),6 hours ago,r/rangers,13
Best art model (i.imgur.com),7 hours ago,r/BeAmazed,18
Rest of the fucking rat (X-post from r/me_irl) (i.redd.it),13 hours ago,r/restofthefuckingowl,48
Yoenis Cespedes crushes his first home run of the springVideo (mediadownloads.mlb.com),3 hours ago,r/baseball,27
"Smile, kids! (i.imgur.com)",9 hours ago,r/hardcoreaww,7
"""WHERE WERE YOU ALL NIGHT?!"" (i.redd.it)",5 hours ago,r/garlicoin,6
"Me at age 5, when I was a drug dealer from Miami apparently. Circa 1994 (imgur.com)",8 hours ago,r/OldSchoolCool,21
Great Burgers on Chicken Shrimp (imgur.com),7 hours ago,r/dontdeadopeninside,46
Horsing around (i.imgur.com),10 hours ago,r/aww,36
"If you want to find your boyfriend, you‚Äôre gonna have to boot up some Rust (i.redd.it)",3 hours ago,r/gaming,59
Robot my daughter made (i.redd.it),10 hours ago,r/lego,48
End my suffering (i.redd.it),14 hours ago,r/memes,84
God is always listening (i.redd.it),5 hours ago,r/BlackPeopleTwitter,13
HMD/Nokia‚Äôs smartphones join Google‚Äôs Android One program ‚Äòleading the charge‚Äô (techcrunch.com),7 hours ago,r/Android,171
The Thing's practical effects (i.redd.it),15 hours ago,r/Moviesinthemaking,165
Guess they waited 2 years for this (i.redd.it),10 hours ago,r/beetlejuicing,45
Icing a cake (thumbs.gfycat.com),17 hours ago,r/oddlysatisfying,515
"Petition to call our lineup ""The Bomb Squad"" and our pitchers ""The K/9 Unit"" (self.NYYankees)",4 hours ago,r/NYYankees,13
"[Homemade] Skillet pizza with chorizo, lobster and red onion. sprinkled with pecorinoImage (i.redd.it)",10 hours ago,r/food,56
"If you're a student suspended or worse for attending a peaceful walkout protesting gun violence, BU has you covered. (i.redd.it)",2 hours ago,r/BinghamtonUniversity,4
But you said ...... (i.redd.it),4 hours ago,r/mildlyinfuriating,18
So close (v.redd.it),5 hours ago,r/funny,75
Doggo Finds Favorite Snowball (i.redd.it),7 hours ago,r/wholesomememes,9
"anime baseball girl drawing, Markers, a4 (2018) (i.redd.it)",9 hours ago,r/Art,49
[Image] Helping kids have a great time even when the nation is falling apart (i.imgur.com),6 hours ago,r/Frisson,30
"Shoes still life, oil on canvas, 45x75cm (i.redd.it)",6 hours ago,r/Art,22
"Funny how the Fake News Media doesn‚Äôt want to say that the Russian group was formed in 2014, long before my run for President. Maybe they knew I was going to run even though I didn‚Äôt know! 2:46 PM - 17 Feb 2018 (twitter.com)",5 hours ago,r/TrumpCriticizesTrump,43
"If you get a call that you received a tax return in error, it's almost certainly a scam (pressherald.com)",8 hours ago,r/Frugal,49
Cross-stitched map of former Yugoslavia [3148x2608] (imgur.com),7 hours ago,r/MapPorn,46
Racism on a goddamn YouTube cartoon (i.redd.it),5 hours ago,r/beholdthemasterrace,63
"Highschooler here, what do you guys think? (i.redd.it)",4 hours ago,r/malelivingspace,70
When there are more rules added to /r/PrequelMemes (i.imgur.com),9 hours ago,r/PrequelMemes,34
"TIL Einstein named Spinoza as the thinker most influential on his world view. When asked by a Rabbi if he believed in God, he replied ""I believe in Spinoza's God who reveals himself in the orderly harmony of what exists, not in a God who concerns himself with the fates and actions of human beings."" (en.wikipedia.org)",12 hours ago,r/todayilearned,94
There is a cat living in the wine section of my local store (i.redd.it),8 hours ago,r/pics,40
to jump (gfycat.com),13 hours ago,r/therewasanattempt,120
New wardrobe for $20. Got the job! (imgur.com),6 hours ago,r/Frugal,70
Cody humiliates Cruz (giphy.com),4 hours ago,r/MMA,141
"[Begley] Trey Burke had multiple NBA offer last summer, and was close to signing with OKC, but he said that his faith led him to sign a contract with the Knicks' G League team in Westchester, instead of an NBA contract with the Thunder. (espn.com)",1 hour ago,r/NYKnicks,7
Niccol√≤ Machiavelli - A Deep Scrutiny of his Philosophy and Tactics (youtube.com),4 hours ago,r/philosophy,37
The difference between a Norwegian Soldier 75 years ago and today (i.redd.it),6 hours ago,r/pics,58
Snowy Joy (i.redd.it),3 hours ago,r/Superbowl,2
Me explaining to my friends why I have to go to bed early: (i.redd.it),4 hours ago,r/trailerparkboys,9
What is the best cat name you‚Äôve ever heard? (self.AskReddit),10 hours ago,r/AskReddit,2320
Thank you Devs for helping me realize I'm color-blind. (self.FortNiteBR),6 hours ago,r/FortNiteBR,46
They can be beaten. (i.imgur.com),5 hours ago,r/democrats,35
"What screams ""I have rich parents""? (self.AskReddit)",16 hours ago,r/AskReddit,8406
"Congratulations, /r/BokuNoHeroAcademia! You are Subreddit of the Day! (reddit.com)",9 hours ago,r/BokuNoHeroAcademia,94
Not sure what happened here but I think it involves a parallel universe. (i.redd.it),5 hours ago,r/pics,103
Believe me - Communist Emblem is A THING! (i.redd.it),5 hours ago,r/FireEmblemHeroes,31
Couple hundred tomato plants. It'll be a fruitful spring (i.redd.it),8 hours ago,r/gardening,77
"Schoolgirls pedalling home to change their clothes because tight-fitting slacks, pedal-pushers and shorts had been banned from their West Berlin school, 1953 (i.imgur.com)",8 hours ago,r/OldSchoolCool,40
HMF while I headbang to this song (i.imgur.com),7 hours ago,r/holdmyfries,47
[SHITPOST] Remember when Barry was a Sherlock Holmes type super sluth boi (i.redd.it),6 hours ago,r/FlashTV,70
All my monika fanarts in one image. (i.redd.it),4 hours ago,r/DDLC,39
Thank you CBC for the great olympic coverage! (self.canada),8 hours ago,r/canada,428
"A California sea lion hunts for fish on a kelp paddy at Cortes Bank, a seamount off San Diego (nationalgeographic.com)",8 hours ago,r/TheDepthsBelow,8
CarNinjaShit (i.imgur.com),3 hours ago,r/mallninjashit,21
Europeans: Why would you never move to the US? US Citizens: Why would you never move to europe? (self.AskReddit),9 hours ago,r/AskReddit,3315
Would it be acceptable to report a coworker for mocking my weight and speech impediment? (self.NoStupidQuestions),11 hours ago,r/NoStupidQuestions,253
"What first date behavior is a deal breaker, regardless of other qualities? (self.AskReddit)",7 hours ago,r/AskReddit,1077
RIT Admissions says that students disciplined for peaceful and respectful #NeverAgain-related protests will not be penalized in the college application process for it. (rit.edu),2 hours ago,r/rit,1
Relatable (i.redd.it),1 hour ago,r/funny,30
"They fly, right? They're ugly and hairy, right? (i.redd.it)",3 hours ago,r/calvinandhobbes,11
"my Valentine, colour pencils, A5 (i.redd.it)",8 hours ago,r/Art,70
Remember when uncle Rico was a part of a pyramid scheme so he could seduce housewives? (i.redd.it),6 hours ago,r/antiMLM,40
"Painted that mural on, boss (i.imgur.com)",15 hours ago,r/NotMyJob,103
Magnitude 7.6 Earthquake in Papua New Guinea (earthquake.usgs.gov),4 hours ago,r/worldnews,37
Not Ken M on Academia (i.redd.it),6 hours ago,r/NotKenM,7
"Reaper by Stenvik @ Liberty Tattoo in Atlanta, GA/r/all (i.redd.it)",11 hours ago,r/tattoos,65
Would it be acceptable to report a coworker for mocking my weight and speech impediment? (self.NoStupidQuestions),11 hours ago,r/NoStupidQuestions,253
Blind dog with Seeing Eye Person. (i.redd.it),6 hours ago,r/aww,5
Pardon our appearance! (i.redd.it),5 hours ago,r/rangers,2
Brooklyn Bogo Tee: The most 1:1 (self.FashionReps),4 hours ago,r/FashionReps,18
MRW someone asks me what number Wayne Gretzky wore (media.giphy.com),14 hours ago,r/shittyreactiongifs,48
Europeans: Why would you never move to the US? US Citizens: Why would you never move to europe? (self.AskReddit),9 hours ago,r/AskReddit,3315
I made some friends out of perler beads to get me through the mid-season premiere. (i.imgur.com),4 hours ago,r/thewalkingdead,24
Wouldn't it be cool if you could 'execute' downed but not out enemies? (self.FortNiteBR),6 hours ago,r/FortNiteBR,110
"New Yorkers, when you feel that random drop of liquid on your head while you're walking on a non-rainy day, what's the best case scenario? (self.AskNYC)",5 hours ago,r/AskNYC,28
Magnitude 7.6 Earthquake in Papua New Guinea (earthquake.usgs.gov),4 hours ago,r/worldnews,37
"By acquiring Boston's first-round pick, Rangers now have nine picks in the 2018 NHL Draft, including six picks in the first three rounds and four picks in the first two rounds. (twitter.com)",7 hours ago,r/rangers,63
They then went their seperate ways. (i.redd.it),17 hours ago,r/nevertellmetheodds,61
My friend shared this send help (i.redd.it),9 hours ago,r/ComedyCemetery,75
9 out of 10 cannibals agree: children taste better (self.nosleep),7 hours ago,r/nosleep,74
They can be beaten. (i.imgur.com),5 hours ago,r/democrats,35
Big white tiger grabs some sun in the winter cold (gfycat.com),14 hours ago,r/BigCatGifs,86
"A California sea lion hunts for fish on a kelp paddy at Cortes Bank, a seamount off San Diego (nationalgeographic.com)",8 hours ago,r/TheDepthsBelow,8
From /r/Austin. It's gonna be a good one (imgur.com),6 hours ago,r/DesirePath,63
Making a pair of pants into an instant life jacket (i.imgur.com),4 hours ago,r/BeAmazed,27
Does anyone else keep hearing the chest noise in there head? It's driving me crazy!EPIC COMMENT (i.redd.it),6 hours ago,r/FortNiteBR,64
"Hey! People are shooting at me, wait! Let me put on my helmet. (i.redd.it)",7 hours ago,r/marvelstudios,50
Mr. RatBurner (i.redd.it),7 hours ago,r/BlackPeopleTwitter,13
There's just something about a good bridge... (i.reddituploads.com),7 hours ago,r/EngineeringPorn,61
Evolution (i.redd.it),8 hours ago,r/memes,39
How this man discovered that he was a genius (i.redd.it),7 hours ago,r/iamverysmart,174
"When you are loved by almost everyone, your each portrayal of the character is applauded but you still don't make it to concept arts and trailers. (i.redd.it)",4 hours ago,r/marvelstudios,44
Discovering /r/DDLC (i.redd.it),7 hours ago,r/DDLC,45
9 out of 10 cannibals agree: children taste better (self.nosleep),7 hours ago,r/nosleep,74
Transgender wrestler booed in Texas finals (i.imgur.com),9 hours ago,r/toosoon,23
"I just realized how sad this scene is... Naruto is taking a wedding and his father can't be here with him, the expression on his face says it all. (i.imgur.com)",8 hours ago,r/Naruto,88
6.2 MILLION views. (i.redd.it),6 hours ago,r/ComedyCemetery,45
Lucas gets +19 pace upgrade on FIFA. (i.redd.it),4 hours ago,r/LiverpoolFC,63
"So zoomie, I messed up the big bed!GIF (v.redd.it)",11 hours ago,r/Zoomies,11
This girl has really skinny legs. (i.redd.it),4 hours ago,r/misleadingthumbnails,21
gIrL GEtS fUCkiNg AsSAsiNaTeD bY HeR sIStEr. (i.redd.it),7 hours ago,r/PeopleFuckingDying,15
Making a pair of pants into an instant life jacket (i.imgur.com),4 hours ago,r/BeAmazed,27
My friend's awesome golden retriever (i.redd.it),8 hours ago,r/aww,6
New York Times Destroyed (i.imgur.com),3 hours ago,r/MurderedByWords,19
School rebel mad lad (i.redd.it),11 hours ago,r/madlads,48
"""Haha, yeah"" (i.imgur.com)",10 hours ago,r/memes,46
My kind of snuman. (i.redd.it),10 hours ago,r/funny,11
But it looked so easy when the other cats did it! (i.imgur.com),14 hours ago,r/aww,23
Chicken Fried Rice at under $2.50 per serve! (i.imgur.com),14 hours ago,r/MealPrepSunday,120
Has anyone ever noticed Stanley's resolution? Haha (i.redd.it),18 hours ago,r/DunderMifflin,393
I made some friends out of perler beads to get me through the mid-season premiere. (i.imgur.com),4 hours ago,r/thewalkingdead,24
When you are the only original avenger that doesn‚Äôt featured in any concept art and trailers (i.redd.it),16 hours ago,r/marvelstudios,556
Anon wakes up to a shitty surprise (imgur.com),16 hours ago,r/greentext,126
So excited (i.redd.it),5 hours ago,r/puns,3
Jazz players have the good stuff (gfycat.com),15 hours ago,r/holdmycatnip,41
baby‚Äôs alright (i.redd.it),18 hours ago,r/BlackPeopleTwitter,131
Meü¶ãirl (i.redd.it),6 hours ago,r/meirl,9
"This morning, my wife was in the kitchen preparing to boil eggs for breakfast and as I walked in, she turned to me and said, ""You've got to make love to me this very moment!"" My eyes lit up and I thought, ""This is my lucky day!"" (self.Jokes)",11 hours ago,r/Jokes,75
Smoobiplier (i.redd.it),3 hours ago,r/smoobypost,2
Pentagram of Venus (i0.kym-cdn.com),4 hours ago,r/visualizedmath,18
"Whatever, dog by Cesar Guerra at Toki Tattoo (Asheville, NC) (i.redd.it)",8 hours ago,r/tattoos,15
Not really how that works honeyü§∑‚Äç‚ôÄÔ∏è (i.redd.it),5 hours ago,r/iamverysmart,70
this crab shaped bell (i.redd.it),3 hours ago,r/mildlyinteresting,16
"Corals Are Dissolving Away - New data show that ocean acidification not only stops corals from building, it tears them down (scientificamerican.com)",9 hours ago,r/worldnews,123
What happens when 2 players forget theyre in hand warmers mode? (clips.twitch.tv),3 hours ago,r/smashbros,20
[Nomos] Just got my Club Campus Nacht! (i.imgur.com),8 hours ago,r/Watches,23
Nergigante fanart by Cosme (Aeflus) Lucero (i.redd.it),6 hours ago,r/MonsterHunter,25
Say whatever you want about the films. It's scenes like this that make them my absolute favorite. (youtube.com),4 hours ago,r/lotr,36
Anyone else? (i.redd.it),10 hours ago,r/memes,40
Absolutelynotmeirl (i.redd.it),2 hours ago,r/absolutelynotmeirl,13
"Something for the next time Trump talks about ""Crooked Hillary"" (i.redd.it)",18 hours ago,r/The_Mueller,504
I will never forget this hero. (v.redd.it),10 hours ago,r/FortNiteBR,74
Transgender wrestler booed in Texas final after winning (news.com.au),17 hours ago,r/news,9823
"Handyman, oil on canvas, 24""x30"" (imgur.com)",16 hours ago,r/Art,107
Come sail away with meeeeEPIC COMMENT (v.redd.it),5 hours ago,r/FortNiteBR,18
"550 motorcyclists participated in a ride to protest New York State's mandatory helmet law. During the ride, One of the rider's breaks failed and was sent over the handlebars and hit his head on the pavement, killing him. Medical experts said he would have survived if he had worn his helmet. (goxtreams.com)",7 hours ago,r/motorcycles,289
Birthday walk smiles (i.reddituploads.com),8 hours ago,r/PuppySmiles,5
This. (i.redd.it),5 hours ago,r/mildlyinfuriating,23
perfect (i.redd.it),16 hours ago,r/funny,34
"Olympic Silver Figure Skating Medalist and self-proclaimed EXO-L, Evgenia Medvedeva finally meets EXO (instagram.com)",8 hours ago,r/kpop,26
2meirl4meirl (i.redd.it),6 hours ago,r/2meirl4meirl,10
Forever in Jesse's shadow (i.imgur.com),6 hours ago,r/reddevils,10
Beauvillier has equaled his point total from last season in 14 fewer games (self.NewYorkIslanders),2 hours ago,r/NewYorkIslanders,3
Sulfur Spring. Czech Republic. February 2018. [OC] [4000x3000] (i.redd.it),14 hours ago,r/EarthPorn,35
"If there was ever a photo that perfectly summed up my two dogs attitudes towards having their picture taken, this is it üòÇ [x-post r/aww] (imgur.com)",5 hours ago,r/aww,5
What might happen if during segregation a ‚Äòwhite‚Äô person used facilities designated for ‚Äòcolored‚Äô people? (self.AskHistorians),7 hours ago,r/AskHistorians,27
Why states might win the net neutrality war against the FCC (arstechnica.com),7 hours ago,r/KeepOurNetFree,5
You gotta be cautious (i.redd.it),4 hours ago,r/HistoryMemes,7
Adorable (and confused) thief (i.imgur.com),7 hours ago,r/puppies,1
Come home from a jog to this (i.redd.it),6 hours ago,r/pitbulls,9
When you've been on Reddit for 3 months and you randomly come across r/PrequelMemes (i.redd.it),11 hours ago,r/PrequelMemes,40
I‚Äôm not crying you‚Äôre crying (i.imgur.com),2 hours ago,r/rangers,14
"This is, to this date, still the piece of gaming history I've been proudest to own. I love the matching colors! (i.redd.it)",2 hours ago,r/gaming,16
You know you have fucked up when you get these reviews (i.redd.it),6 hours ago,r/videogamedunkey,17
